Track URI,Track Name,Album Name,Artist Name(s),Release Date,Duration (ms),Popularity,Explicit,Added By,Added At,Genres,Record Label,Danceability,Energy,Key,Loudness,Mode,Speechiness,Acousticness,Instrumentalness,Liveness,Valence,Tempo,Time Signature
spotify:track:1Y7AZ3akqDipAyo6mmOQTy,"Daechwita","D-2","Agust D",2020-05-22,225668,0,true,devonelise24,2025-05-25T21:14:04Z,"k-pop,k-rap","BIGHIT MUSIC",0.65,0.827,8,-4.014,1,0.0599,0.0229,0,0.121,0.223,144.995,4
spotify:track:3KkbZok84es6JqI5aiLj1g,"BTS Cypher Pt.1","O!RUL82?","BTS",2013-09-11,131192,58,false,devonelise24,2025-05-25T21:14:04Z,"k-pop","BIGHIT MUSIC",0.751,0.903,2,-5.413,1,0.354,0.539,0,0.343,0.858,96.548,4
spotify:track:41eoHn3yTDYMV9hFn50ef4,"BTS Cypher Pt.2: Triptych","Skool Luv Affair","BTS",2014-02-12,288771,58,false,devonelise24,2025-05-25T21:14:04Z,"k-pop","BIGHIT MUSIC",0.585,0.98,5,-0.826,1,0.37,0.127,0,0.692,0.837,141.945,4
spotify:track:5OlieB5VdsOMuBuCtllXGW,"BTS Cypher Pt.3: Killer","Dark & Wild","BTS,Supreme Boi",2014-08-20,267782,63,false,devonelise24,2025-05-25T21:14:04Z,"k-pop,k-rap","BIGHIT MUSIC",0.793,0.924,4,-3.017,0,0.321,0.0217,0,0.644,0.665,140.031,4
spotify:track:4cTSnpyaIR1qGaTOLJunDM,"BTS Cypher 4","Wings","BTS",2016-10-10,294463,65,false,devonelise24,2025-05-25T21:14:04Z,"k-pop","BIGHIT MUSIC",0.817,0.797,1,-4.395,0,0.0839,0.00533,0.00000777,0.0551,0.361,119.978,4
spotify:track:2QZe2H1f03t5PJWEMg2Mbe,"UGH!","MAP OF THE SOUL : 7","BTS",2020-02-21,225012,66,false,devonelise24,2025-05-25T21:14:04Z,"k-pop","BIGHIT MUSIC",0.72,0.824,10,-5.086,0,0.128,0.0394,0,0.0509,0.333,165.996,4
spotify:track:2Wkm4JBcIV2uSuu4qlbqFN,"Dionysus","MAP OF THE SOUL : PERSONA","BTS",2019-04-12,249215,68,false,devonelise24,2025-05-25T21:14:04Z,"k-pop","BIGHIT MUSIC",0.502,0.91,7,-2.769,1,0.107,0.04,0,0.319,0.588,176.084,4
spotify:track:0aE3V0zgSD2YwkEHW42gxG,"Burning Up (Fire)","The Most Beautiful Moment in Life: Young Forever","BTS",2016-05-02,203351,73,false,devonelise24,2025-05-25T21:14:04Z,"k-pop","BIGHIT MUSIC",0.626,0.706,10,-3.201,0,0.0596,0.00225,0,0.122,0.534,99.939,4
spotify:track:7oebmqDvd0Mc6vhEsmMUSK,"ProMeTheUs","Andre","yankie,Dok2,Juvie Train,Double K,Rap Monster,Topbob,Don Mills",2015-05-27,340571,0,false,devonelise24,2025-05-25T21:14:04Z,"k-rap,riddim,dancehall","Stone Music Entertainment",0.63,0.83,2,-4.825,1,0.342,0.0793,0,0.279,0.589,83.353,4
spotify:track:6AknCCsxOsrJ2mkSdCtET1,"Agust D","Agust D","Agust D",2016-08-16,234082,71,true,devonelise24,2025-05-25T21:14:04Z,"k-pop,k-rap","BIGHIT MUSIC",0.499,0.984,10,-2.148,0,0.309,0.0245,0,0.0455,0.592,79.987,4
spotify:track:1Y84lXBGSuri3tDPUkFwXT,"Give It to Me","Agust D","Agust D",2016-08-16,149524,0,false,devonelise24,2025-05-25T21:14:04Z,"k-pop,k-rap","BIGHIT MUSIC",0.657,0.751,11,-3.889,1,0.185,0.000833,0.0000105,0.158,0.43,94.987,4
spotify:track:2EIxlkSRyejFdD2Rp1Mmza,"Tony Montana","Agust D","Agust D,Yankie",2016-08-16,207873,0,false,devonelise24,2025-05-25T21:14:04Z,"k-pop,k-rap","BIGHIT MUSIC",0.609,0.776,4,-5.837,1,0.0595,0.00026,0.0000146,0.105,0.266,116.009,4
spotify:track:7jPCPDYoiaKeK7cgNGpIzq,"Dope","The Most Beautiful Moment in Life Pt.1","BTS",2015-04-29,240020,72,false,devonelise24,2025-05-25T21:14:04Z,"k-pop","BIGHIT MUSIC",0.595,0.89,10,-3.109,0,0.245,0.0486,0,0.32,0.62,154.071,4
spotify:track:1e8J3XClxZbFmvIHLI8CE4,"IDOL","Love Yourself 結 'Answer'","BTS",2018-08-24,222732,76,false,devonelise24,2025-05-25T21:14:04Z,"k-pop","BIGHIT MUSIC",0.733,0.855,9,-3.211,1,0.118,0.00481,0,0.123,0.42,126.035,4
spotify:track:6PurllVXXGL1s6UkLtzMVF,"Champion - Remix","Champion (Remix)","Fall Out Boy,RM",2017-12-15,210320,50,false,devonelise24,2025-05-25T21:14:04Z,"emo,pop punk,k-pop,k-rap","Island Records",0.532,0.73,2,-4.19,1,0.261,0.0457,0,0.157,0.191,188.12,4
spotify:track:3wyrhwPpV8uhMMEms4vG3X,"Not Today","You Never Walk Alone","BTS",2017-02-13,231859,71,false,devonelise24,2025-05-25T21:14:04Z,"k-pop","BIGHIT MUSIC",0.593,0.945,8,-3.408,1,0.126,0.00174,0,0.923,0.674,110.023,4
spotify:track:01380RE6UfsPSdiUIwrCoH,"MIC Drop (Steve Aoki Remix) (Full Length Edition)","Love Yourself 結 'Answer'","BTS,Steve Aoki",2018-08-24,307675,72,false,devonelise24,2025-05-25T21:14:04Z,"k-pop,electro house,edm","BIGHIT MUSIC",0.606,0.85,11,-3.952,1,0.183,0.0114,0.00000101,0.206,0.542,170.01,4
spotify:track:5LtrXmU6LXHHbpb7puYNvA,"What do you think?","D-2","Agust D",2020-05-22,182171,0,true,devonelise24,2025-05-25T21:14:04Z,"k-pop,k-rap","BIGHIT MUSIC",0.739,0.725,1,-5.741,1,0.084,0.149,0,0.0793,0.136,118.994,4
spotify:track:4e3DIkvwzyWu3ZpZFZJb5o,"Buckubucku (Feat. EE RM Of BTS Dino-J)","WondaLand","MFBTY,EE,RM,Dino-J",2015-03-19,254480,47,false,devonelise24,2025-05-25T21:14:04Z,"k-rap,k-pop","FeelGhoodMusic",0.861,0.633,1,-5.618,1,0.244,0.0021,0.0000149,0.116,0.323,159.964,4
spotify:track:0fZRNhPJ4AGmwY7rkpdbqK,"ON","MAP OF THE SOUL : 7","BTS",2020-02-21,246380,75,false,devonelise24,2025-05-25T21:14:04Z,"k-pop","BIGHIT MUSIC",0.583,0.817,9,-5.146,0,0.099,0.118,0,0.338,0.437,105.935,4
spotify:track:4bjN59DRXFRxBE1g5ne6B1,"Haegeum","D-DAY","Agust D",2023-04-21,168926,89,false,devonelise24,2025-05-25T21:14:04Z,"k-pop,k-rap","BIGHIT MUSIC",0.697,0.837,7,-2.651,1,0.304,0.313,0,0.471,0.831,85.097,5
spotify:track:6XrPzwKeGzEvtan3acn7VH,"HUH?! (feat. j-hope)","D-DAY","Agust D,j-hope",2023-04-21,183290,66,true,devonelise24,2025-05-25T21:14:04Z,"k-pop,k-rap","BIGHIT MUSIC",0.763,0.806,9,-2.785,1,0.302,0.207,0,0.229,0.522,139.911,4
spotify:track:2On611HXKQAbaYkuc4NQAm,"Pandora's Box","Jack In The Box","j-hope",2022-07-15,156291,60,false,devonelise24,2025-05-25T21:14:04Z,"k-pop,k-rap","BIGHIT MUSIC",0.785,0.807,0,-3.877,1,0.178,0.198,0,0.326,0.228,96.981,4
spotify:track:2QWEMqQMJR1KDf6hDjJOs6,"Arson","Jack In The Box","j-hope",2022-07-15,159761,69,true,devonelise24,2025-05-25T21:14:04Z,"k-pop,k-rap","BIGHIT MUSIC",0.938,0.798,1,-3.998,1,0.103,0.00813,0.0000703,0.146,0.265,99.992,4
spotify:track:1fNwwml8UcKvhfM6YEVIRh,"What if…","Jack In The Box","j-hope",2022-07-15,136063,60,false,devonelise24,2025-05-25T21:14:04Z,"k-pop,k-rap","BIGHIT MUSIC",0.694,0.75,0,-4.16,1,0.0338,0.00421,0.000553,0.0683,0.184,96.654,4
spotify:track:2ZqTbIID9vFPTXaGyzbb4q,"Neva Play (feat. RM of BTS)","Neva Play (feat. RM of BTS)","Megan Thee Stallion,RM",2024-09-06,157173,71,true,devonelise24,2025-05-25T21:14:04Z,"k-pop,k-rap","Hot Girl Productions",0.826,0.756,2,-4.984,1,0.256,0.0203,0,0.0915,0.794,160.01,4
spotify:track:7GARzfC1mwhDuk4t9WOACq,"MORE","Jack In The Box","j-hope",2022-07-15,180022,70,false,devonelise24,2025-05-25T21:14:04Z,"k-pop,k-rap","BIGHIT MUSIC",0.783,0.722,2,-4.864,1,0.0357,0.00537,0.00209,0.105,0.306,97.031,4
spotify:track:0zzRxtfO5FGxKdqq4OKmlw,"Danger","Dark & Wild","BTS",2014-08-20,245140,69,false,devonelise24,2025-05-25T21:14:04Z,"k-pop","BIGHIT MUSIC",0.738,0.868,1,-3.363,1,0.0702,0.000907,0.000209,0.275,0.377,111.991,4
spotify:track:2yKBnKOmPXePrbHqRv42r4,"Respect","MAP OF THE SOUL : 7","BTS",2020-02-21,237540,57,false,devonelise24,2025-05-25T21:14:04Z,"k-pop","BIGHIT MUSIC",0.661,0.838,0,-4.806,1,0.116,0.00491,0,0.287,0.526,91.463,4
spotify:track:4c9XojqJDu7KNCh8GmNbj5,"Hip Hop Phile","Dark & Wild","BTS",2014-08-20,257299,58,false,devonelise24,2025-05-25T21:14:04Z,"k-pop","BIGHIT MUSIC",0.796,0.878,1,-3.325,1,0.185,0.171,0,0.234,0.795,144,4
spotify:track:2GXWzWPsYlTZcvVW8JIu69,"Intro : Persona","MAP OF THE SOUL : PERSONA","BTS",2019-04-12,171023,59,false,devonelise24,2025-05-25T21:14:04Z,"k-pop","BIGHIT MUSIC",0.486,0.871,9,-4.475,0,0.337,0.0278,0,0.313,0.659,85.411,4
spotify:track:3eSCPt6StovDAIps2XhZ2Z,"Base Line","Hope World","j-hope",2018-03-02,89769,60,false,devonelise24,2025-05-25T21:14:04Z,"k-pop,k-rap","BIGHIT MUSIC",0.909,0.644,9,-5.32,1,0.203,0.0376,0.0111,0.401,0.228,94.982,4
spotify:track:3FnDv33WrrMtuEr7hNR3ev,"Boy in Luv","Skool Luv Affair","BTS",2014-02-12,230778,72,false,devonelise24,2025-05-25T21:14:04Z,"k-pop","BIGHIT MUSIC",0.491,0.947,0,-2.252,1,0.306,0.00261,0,0.34,0.474,166.236,4
spotify:track:0F3Dpp18yIxIm7XRmn0LBj,"Spine Breaker","Skool Luv Affair","BTS",2014-02-12,238529,66,false,devonelise24,2025-05-25T21:14:04Z,"k-pop","BIGHIT MUSIC",0.679,0.927,0,-1.058,1,0.15,0.164,0,0.437,0.861,93.989,4
spotify:track:1jZZm43y7RPuwjJQ5LrGHe,"Jump","Skool Luv Affair","BTS",2014-02-12,236488,67,false,devonelise24,2025-05-25T21:14:04Z,"k-pop","BIGHIT MUSIC",0.495,0.974,7,-0.947,0,0.282,0.0349,0,0.44,0.763,102.077,4
spotify:track:7JosxtkCqIQieNWXA2Dj3v,"N.O","O!RUL82?","BTS",2013-09-11,209751,65,false,devonelise24,2025-05-25T21:14:04Z,"k-pop","BIGHIT MUSIC",0.595,0.914,11,-3.764,0,0.166,0.0389,0,0.457,0.572,146.89,4
spotify:track:29vOLabxvytbI8fX9xgTaD,"We On","O!RUL82?","BTS",2013-09-11,230885,58,false,devonelise24,2025-05-25T21:14:04Z,"k-pop","BIGHIT MUSIC",0.801,0.797,2,-4.319,0,0.163,0.0405,0.00000239,0.115,0.801,97.009,4
spotify:track:4bLtrrVDspeDNSaHGGMQkB,"If I Ruled the World","O!RUL82?","BTS",2013-09-11,247450,57,false,devonelise24,2025-05-25T21:14:04Z,"k-pop","BIGHIT MUSIC",0.744,0.725,7,-6.29,1,0.112,0.0434,0,0.296,0.729,95.981,4
spotify:track:1UlnDZ5ubsSX3xrXu063dZ,"Intro: 2 Cool 4 Skool","2 Cool 4 Skool","BTS,dj friz",2013-06-12,63786,61,false,devonelise24,2025-05-25T21:14:04Z,"k-pop","BIGHIT MUSIC",0.894,0.835,8,-6.249,1,0.245,0.179,0.266,0.179,0.532,94.871,4
spotify:track:5pjHS3EpHurMyIpB2QBnEd,"We Are Bulletproof Pt.2","2 Cool 4 Skool","BTS",2013-06-12,223933,66,false,devonelise24,2025-05-25T21:14:04Z,"k-pop","BIGHIT MUSIC",0.753,0.95,8,-5.09,0,0.16,0.0104,0.00000632,0.134,0.868,144.02,4
spotify:track:089PFeXotzDLNQz9NCk6pF,"No More Dream","2 Cool 4 Skool","BTS",2013-06-12,222066,70,false,devonelise24,2025-05-25T21:14:04Z,"k-pop","BIGHIT MUSIC",0.438,0.864,2,-5.185,1,0.47,0.0118,0.00000166,0.431,0.594,167.898,4
spotify:track:270k38FpoKhnvZLv50NlTr,"항상 (HANGSANG)","Hope World","j-hope,Supreme Boi",2018-03-02,229675,66,false,devonelise24,2025-05-25T21:14:04Z,"k-pop,k-rap","BIGHIT MUSIC",0.832,0.896,6,-4.673,1,0.233,0.161,0.0000497,0.247,0.618,178.996,4
spotify:track:4wvHmcBp5FKNeJUzigEH7s,"724148","Agust D","Agust D",2016-08-16,185733,0,false,devonelise24,2025-05-25T21:14:04Z,"k-pop,k-rap","BIGHIT MUSIC",0.684,0.964,4,-3.341,0,0.338,0.0125,0,0.0848,0.591,89.562,4
spotify:track:3i4XQx4K1g6Z0yFOzFk2Tu,"140503 at Dawn","Agust D","Agust D",2016-08-16,84550,0,false,devonelise24,2025-05-25T21:14:04Z,"k-pop,k-rap","BIGHIT MUSIC",0.756,0.896,1,-9.594,0,0.874,0.213,0,0.313,0.31,90.781,4
spotify:track:38iufYNK4hUzS649Oe2kZy,"Burn It (feat. MAX)","D-2","Agust D,MAX",2020-05-22,192106,0,false,devonelise24,2025-05-25T21:14:04Z,"k-pop,k-rap","BIGHIT MUSIC",0.658,0.776,6,-7.088,0,0.0493,0.012,0.0000021,0.272,0.336,114.044,4
spotify:track:5dEaQCUCJIQyJs5qVZYXOC,"Come Back Home","Come Back Home","BTS",2017-07-04,244587,59,false,devonelise24,2025-05-25T21:14:04Z,"k-pop","Genie Music Corporation, Stone Music Entertainment",0.647,0.881,11,-4.42,0,0.0765,0.00154,0.00000112,0.113,0.456,100.001,4
spotify:track:7JZJDEaq7KKPAhwrX5r9Ag,"Eternal Sunshine","sleepless in __________","Epik High",2019-03-11,205389,44,false,devonelise24,2025-05-25T21:14:04Z,"k-rap,k-pop","OURS Co.",0.847,0.713,2,-6.268,1,0.275,0.19,0,0.0821,0.687,97.022,4
spotify:track:4m9Lo4AM8Tavxcf3TCgQRl,"Timeless","Drunken Tiger X: Rebirth of Tiger Jk","Drunken Tiger,RM",2018-11-14,215760,0,false,devonelise24,2025-05-25T21:14:04Z,"k-rap,k-pop","Genie Music Corporation, Stone Music Entertainment",0.731,0.932,7,-3.868,1,0.307,0.0342,0.00000111,0.217,0.681,95.044,4
spotify:track:5waEV23FQgW7GSaL2tlk66,"Gajah","Gajah","Gaeko,RM",2017-04-01,256425,0,false,devonelise24,2025-05-25T21:14:04Z,"k-rap,k-pop","Amoeba Culture",0.543,0.774,10,-5.798,0,0.308,0.171,0,0.13,0.556,92.955,3
spotify:track:2sR1e5YFAvXVN6EiIwR2is,"Nuts","Right Place Wrong Person","RM",2024-05-24,194666,66,true,devonelise24,2025-05-25T21:14:04Z,"k-pop,k-rap","BIGHIT MUSIC",0.749,0.573,8,-7.42,1,0.186,0.166,0.0000682,0.423,0.64,73.994,4
spotify:track:7zC89ef9MMffAGCnDMsatc,"out of love","Right Place Wrong Person","RM",2024-05-24,127200,60,true,devonelise24,2025-05-25T21:14:04Z,"k-pop,k-rap","BIGHIT MUSIC",0.677,0.68,2,-6.796,1,0.27,0.229,0,0.436,0.543,75.997,4
spotify:track:1XIIvx9S19CZVc7eow7EX7,"STOP","Jack In The Box","j-hope",2022-07-15,122211,58,false,devonelise24,2025-05-25T21:14:04Z,"k-pop,k-rap","BIGHIT MUSIC",0.881,0.826,4,-5.111,1,0.157,0.0897,0.366,0.101,0.796,99.98,4
spotify:track:1XkMxUilV0E3ChDERZJUEq,"SEXY NUKIM (feat. RM of BTS)","SEXY NUKIM (feat. RM of BTS)","Balming Tiger,Omega Sapien,bj wnjn,Mudd the student,RM",2022-09-01,229937,58,false,devonelise24,2025-05-25T21:14:04Z,"k-rap,k-pop","Balming Tiger",0.747,0.71,1,-5.729,1,0.116,0.00219,0.214,0.371,0.426,93.995,4
spotify:track:5aucVLKiumD89mxVCB4zvS,"Rush Hour (Feat. j-hope of BTS)","Rush Hour","Crush,j-hope",2022-09-22,177302,61,false,devonelise24,2025-05-25T21:14:04Z,"k-rap,k-pop,k-ballad","피네이션",0.746,0.714,0,-5.231,1,0.243,0.16,0,0.31,0.697,95.049,4
spotify:track:1MhXchY126AX5Iuv4Odbe8,"LV Bag (feat. j-hope of BTS & Pharrell Williams)","LV Bag (feat. j-hope of BTS & Pharrell Williams)","Don Toliver,Speedy,j-hope,Pharrell Williams",2025-02-21,182603,72,true,devonelise24,2025-05-25T21:14:04Z,"k-pop,k-rap","Cactus Jack / Atlantic",0.771,0.533,11,-7.469,0,0.032,0.0151,0,0.0375,0.313,122.031,4
spotify:track:4MQBnk52HKbl59BX497xhM,"Domodachi (feat. Little Simz)","Right Place Wrong Person","RM,Little Simz",2024-05-24,184973,61,true,devonelise24,2025-05-25T21:14:04Z,"k-pop,k-rap","BIGHIT MUSIC",0.632,0.778,1,-6.546,1,0.133,0.184,0.0000119,0.138,0.2,119.989,4
spotify:track:5EdwOTiD4Vz7xEoB7jt8En,"So 4 more","Dark & Wild","BTS",2014-08-20,235020,57,false,devonelise24,2025-05-25T21:14:04Z,"k-pop","BIGHIT MUSIC",0.676,0.925,8,-2.451,1,0.111,0.00405,0.00000631,0.279,0.798,163.952,4
spotify:track:1sz4drpDPpHVrPUgnXGaNn,"Boyz with Fun","The Most Beautiful Moment in Life Pt.1","BTS",2015-04-29,244156,63,false,devonelise24,2025-05-25T21:14:04Z,"k-pop","BIGHIT MUSIC",0.704,0.96,1,-2.606,0,0.192,0.0808,0,0.383,0.751,116.024,4
spotify:track:0x4cMbCLC6L7aJQs3EiPaZ,"Look Here","Dark & Wild","BTS",2014-08-20,218887,60,false,devonelise24,2025-05-25T21:14:04Z,"k-pop","BIGHIT MUSIC",0.863,0.854,4,-4.564,0,0.0893,0.0418,0.00152,0.0551,0.784,119.996,4
spotify:track:2y6Ty2NPAsP84XJAtzLxuk,"Chicken Noodle Soup (feat. Becky G)","Chicken Noodle Soup (feat. Becky G)","j-hope,Becky G",2019-09-27,235497,70,false,devonelise24,2025-05-25T21:14:04Z,"k-pop,k-rap,reggaeton,latin","BIGHIT MUSIC",0.827,0.817,2,-4.081,1,0.0953,0.00496,0.0000119,0.294,0.167,97.008,4
spotify:track:7vG0yTvfZZtQ4DoSyy5a61,"Intro: Skool Luv Affair","Skool Luv Affair","BTS",2014-02-12,178282,53,false,devonelise24,2025-05-25T21:14:04Z,"k-pop","BIGHIT MUSIC",0.587,0.82,4,-2.701,0,0.428,0.0601,0,0.0599,0.671,93.841,4
spotify:track:52d5NT69mkmr6WzvQJ9vHr,"21st Century Girl","Wings","BTS",2016-10-10,192596,65,false,devonelise24,2025-05-25T21:14:04Z,"k-pop","BIGHIT MUSIC",0.716,0.906,2,-3.539,1,0.0719,0.00424,0,0.0547,0.763,101.029,4
spotify:track:7BFVLQASwcGrxEPsz1teIW,"Am I Wrong","Wings","BTS",2016-10-10,213082,60,false,devonelise24,2025-05-25T21:14:04Z,"k-pop","BIGHIT MUSIC",0.76,0.834,6,-4.992,1,0.0494,0.00125,0.0000107,0.0868,0.679,107.988,4
spotify:track:2wm3oZ5IzWz5tVyo3gFIJq,"Ma City","The Most Beautiful Moment in Life Pt.2","BTS",2015-11-30,256686,65,false,devonelise24,2025-05-25T21:14:04Z,"k-pop","BIGHIT MUSIC",0.668,0.967,6,-2.192,0,0.0957,0.000266,0,0.0777,0.807,122.007,4
spotify:track:6O734u9qnz6B4gWMyszWhi,"Silver Spoon","The Most Beautiful Moment in Life Pt.2","BTS",2015-11-30,233160,72,false,devonelise24,2025-05-25T21:14:04Z,"k-pop","BIGHIT MUSIC",0.65,0.879,9,-2.886,1,0.073,0.00104,0,0.0483,0.536,166.895,4
spotify:track:0hxeouHqP3qzpTHerA7ha2,"Dis-ease","BE","BTS",2020-11-20,239722,66,false,devonelise24,2025-05-25T21:14:04Z,"k-pop","BIGHIT MUSIC",0.731,0.845,8,-5.352,1,0.132,0.0132,0,0.0782,0.484,101.085,4
spotify:track:29SjtKzBoJDgyIBusHylIS,"War of Hormone","Dark & Wild","BTS",2014-08-20,265602,66,false,devonelise24,2025-05-25T21:14:04Z,"k-pop","BIGHIT MUSIC",0.612,0.993,9,-1.895,1,0.24,0.116,0,0.307,0.488,98.004,4
spotify:track:06PapYCtVDlprJPgGELabn,"Attack on Bangtan","O!RUL82?","BTS",2013-09-11,246525,65,false,devonelise24,2025-05-25T21:14:04Z,"k-pop","BIGHIT MUSIC",0.72,0.962,11,-2.555,0,0.268,0.2,0,0.165,0.667,118.025,4
spotify:track:3VlYMpSmYooLpzLiRBBfbX,"Paldogangsan","O!RUL82?","BTS",2013-09-11,205061,57,false,devonelise24,2025-05-25T21:14:04Z,"k-pop","BIGHIT MUSIC",0.564,0.945,11,-3.11,0,0.243,0.0789,0,0.0873,0.871,105.018,4
spotify:track:6woeVu3fVMflqen1t4N6pg,"Old Town Road (feat. RM of BTS) - Seoul Town Road Remix","Old Town Road (feat. RM of BTS) [Seoul Town Road Remix]","Lil Nas X,RM,BTS",2019-07-24,114133,60,false,devonelise24,2025-05-25T21:14:04Z,"k-pop,k-rap","Columbia",0.89,0.513,1,-5.996,1,0.154,0.0706,0,0.102,0.61,136.02,4
spotify:track:4kBr5XX61vLb4tejJajOT8,"Groin","Right Place Wrong Person","RM",2024-05-24,190880,63,true,devonelise24,2025-05-25T21:14:04Z,"k-pop,k-rap","BIGHIT MUSIC",0.621,0.587,7,-8.314,1,0.551,0.18,0,0.0644,0.483,87.808,4
spotify:track:69xohKu8C1fsflYAiSNbwM,"Run BTS","Proof","BTS",2022-06-10,204939,79,false,devonelise24,2025-05-25T21:14:04Z,"k-pop","BIGHIT MUSIC",0.724,0.818,8,-3.747,1,0.168,0.0201,0,0.0358,0.696,77.004,4
spotify:track:4fwYALz7GwmXgS8QTRjDEJ,"moonchild","mono.","RM",2018-10-22,205833,0,false,devonelise24,2025-05-25T21:14:04Z,"k-pop,k-rap","BIGHIT MUSIC",0.503,0.869,9,-5.576,0,0.214,0.0258,0,0.0659,0.191,157.975,4
spotify:track:0bGJHUPR6ems9tzIljlPFR,"Begin","Wings","BTS",2016-10-10,229740,62,false,devonelise24,2025-05-25T21:14:04Z,"k-pop","BIGHIT MUSIC",0.566,0.842,9,-5.222,0,0.0442,0.00357,0.000253,0.141,0.308,131.05,4
spotify:track:3RvScmBWbdbnOVMF6FMcXI,"tokyo","mono.","RM",2018-10-22,208936,0,false,devonelise24,2025-05-25T21:14:04Z,"k-pop,k-rap","BIGHIT MUSIC",0.445,0.263,5,-13.754,0,0.0342,0.828,0.00516,0.118,0.0712,147.172,4
spotify:track:1MX0g22bQkr9HDVe37fLnN,"134340","Love Yourself 轉 'Tear'","BTS",2018-05-18,230063,66,false,devonelise24,2025-05-25T21:14:04Z,"k-pop","BIGHIT MUSIC",0.665,0.687,11,-6.466,0,0.0547,0.155,0.0000928,0.173,0.651,106.023,4
spotify:track:6Jr2GutTFyfvAzGA36R2Uj,"Rain","Dark & Wild","BTS",2014-08-20,264666,63,false,devonelise24,2025-05-25T21:14:04Z,"k-pop","BIGHIT MUSIC",0.703,0.851,1,-4.918,0,0.144,0.031,0,0.354,0.315,89.958,4
spotify:track:0jo4304s0u51JHHCv7it9K,"Moving On","The Most Beautiful Moment in Life Pt.1","BTS",2015-04-29,292569,57,false,devonelise24,2025-05-25T21:14:04Z,"k-pop","BIGHIT MUSIC",0.684,0.914,0,-3.199,1,0.204,0.0128,0,0.0543,0.929,159.996,4
spotify:track:6w5nte2isfv5QLImckFD8a,"Interlude: What Are You Doing Now","Dark & Wild","BTS",2014-08-20,41757,63,false,devonelise24,2025-05-25T21:14:04Z,"k-pop","BIGHIT MUSIC",0.783,0.683,4,-5.195,1,0.0895,0.0532,0.772,0.0529,0.55,82.996,4
spotify:track:6O7358UPKsUumzjumFxVtp,"Reflection","Wings","BTS",2016-10-10,233917,54,false,devonelise24,2025-05-25T21:14:04Z,"k-pop","BIGHIT MUSIC",0.555,0.607,2,-7.991,1,0.085,0.0135,0.00000159,0.2,0.273,73.997,4
spotify:track:0I4CicY6MftmDgdd76LXss,"Outro: Do You Think It Makes Sense?","Dark & Wild","BTS",2014-08-20,172658,57,false,devonelise24,2025-05-25T21:14:04Z,"k-pop","BIGHIT MUSIC",0.634,0.815,1,-4.324,1,0.0409,0.0714,0,0.146,0.553,103.041,4
spotify:track:5vI1exL3zFhqFWDSL9fq5H,"uhgood","mono.","RM",2018-10-22,194384,0,false,devonelise24,2025-05-25T21:14:04Z,"k-pop,k-rap","BIGHIT MUSIC",0.531,0.56,0,-6.827,1,0.0566,0.00135,0.016,0.131,0.0942,85.863,4
spotify:track:0MBLKSjisnYtP4J6KYYT1T,"forever rain","mono.","RM",2018-10-22,271805,0,false,devonelise24,2025-05-25T21:14:04Z,"k-pop,k-rap","BIGHIT MUSIC",0.389,0.591,7,-8.437,1,0.0619,0.0311,0.0000653,0.392,0.255,138.829,4
spotify:track:6p3GTNgwhXyeqBdzOoJQnj,"Interlude_dream Reality","Agust D","Agust D",2016-08-16,92685,0,false,devonelise24,2025-05-25T21:14:04Z,"k-pop,k-rap","BIGHIT MUSIC",0.593,0.255,1,-10.061,1,0.0454,0.641,0.873,0.101,0.077,150.118,4
spotify:track:3AqSBtredpPyT18rEYl1vK,"28 (feat. NiiHWA)","D-2","Agust D,NiiHWA",2020-05-22,133673,0,true,devonelise24,2025-05-25T21:14:04Z,"k-pop,k-rap","BIGHIT MUSIC",0.679,0.645,9,-7.107,0,0.0513,0.0897,0,0.121,0.349,119.934,4
spotify:track:5lw1xIqEvmVdmnNzmv1KJf,"Dear my friend (feat. Kim Jong Wan of NELL)","D-2","Agust D,Kim Jong Wan of NELL",2020-05-22,292078,0,true,devonelise24,2025-05-25T21:14:04Z,"k-pop,k-rap,soundtrack","BIGHIT MUSIC",0.561,0.735,0,-6.344,1,0.0638,0.0181,0.00000854,0.0571,0.27,148.025,4
spotify:track:5KLKbUVfdHOTCDybf61LEW,"Introduction : Youth","Youth","BTS",2016-09-07,138973,46,false,devonelise24,2025-05-25T21:14:04Z,"k-pop","PONY CANYON INC.",0.495,0.911,6,-5.321,0,0.13,0.00148,0.00305,0.364,0.554,173.945,4
spotify:track:7gLRRcl3qKKpDlt0gApSAJ,"Wake Up","Wake Up (Standard Edition)","BTS",2014-12-24,352133,50,false,devonelise24,2025-05-25T21:14:04Z,"k-pop","PONY CANYON INC.",0.709,0.686,8,-4.797,1,0.0487,0.1,0,0.0865,0.734,91.016,4
spotify:track:5ErGQcHEA8ws2rVp3Xx06Z,"Honsool","D-2","Agust D",2020-05-22,219808,0,true,devonelise24,2025-05-25T21:14:04Z,"k-pop,k-rap","BIGHIT MUSIC",0.478,0.574,1,-8.886,1,0.0606,0.00036,0.00719,0.157,0.187,71.984,4
spotify:track:6KE3Fs6LMzi4hJI3eFqyLC,"Don't (feat. RM)","Fragile","eAeon,RM",2021-04-30,205386,60,false,devonelise24,2025-05-25T21:14:04Z,"k-pop,k-rap","Motmusic",0.63,0.596,4,-7.965,0,0.0328,0.106,0.01,0.0983,0.275,106.935,4
spotify:track:6xDuCfOD3RT2ezdNKt6UCY,"U","2","Primary,Kwon Jin Ah,Rap Monster",2015-08-12,255010,0,false,devonelise24,2025-05-25T21:14:04Z,"k-rap,k-ballad","Stone Music Entertainment",0.525,0.661,0,-8.679,1,0.194,0.372,0.00155,0.167,0.624,175.812,4
spotify:track:3F3PuqGinS2T1ePmjUTw9t,"Yun (with Erykah Badu)","Indigo","RM,Erykah Badu",2022-12-02,233688,60,true,devonelise24,2025-05-25T21:14:04Z,"k-pop,k-rap,neo soul,r&b","BIGHIT MUSIC",0.476,0.7,0,-5.569,0,0.276,0.429,0,0.157,0.625,85.114,4
spotify:track:2sXaFMTkBHYrEgfGJ2y27a,"No.2 (with parkjiyoon)","Indigo","RM,parkjiyoon",2022-12-02,193963,60,false,devonelise24,2025-05-25T21:14:04Z,"k-pop,k-rap,k-ballad","BIGHIT MUSIC",0.727,0.619,4,-8.399,1,0.0808,0.599,0,0.0801,0.549,94.001,4
spotify:track:2ftb45L7iXYwp0WoTEuslG,"Right People Wrong Place","Right Place Wrong Person","RM",2024-05-24,117000,62,true,devonelise24,2025-05-25T21:14:04Z,"k-pop,k-rap","BIGHIT MUSIC",0.576,0.724,1,-9.503,1,0.0421,0.204,0.648,0.118,0.645,173.937,4
spotify:track:6o5y1iNvg3ORGfHtBEB8U4,"? (Interlude)","Right Place Wrong Person","RM,DOMi & JD BECK",2024-05-24,113160,59,false,devonelise24,2025-05-25T21:14:04Z,"k-pop,k-rap,jazz fusion","BIGHIT MUSIC",0.672,0.781,11,-8.872,1,0.0499,0.147,0.877,0.0918,0.793,142.497,3
spotify:track:1B9HE8h6ZnljGk0LZ2H30D,"Heaven","Right Place Wrong Person","RM",2024-05-24,194613,63,false,devonelise24,2025-05-25T21:14:04Z,"k-pop,k-rap","BIGHIT MUSIC",0.682,0.458,9,-9.697,1,0.0251,0.776,0.0341,0.272,0.333,104.988,4
spotify:track:0AncHqGegHhP6teMUwLRWr,"Around the world in a day (feat. Moses Sumney)","Right Place Wrong Person","RM,Moses Sumney",2024-05-24,257453,60,true,devonelise24,2025-05-25T21:14:04Z,"k-pop,k-rap,art pop,indie soul","BIGHIT MUSIC",0.506,0.416,5,-7.596,0,0.137,0.516,0.0000221,0.202,0.438,165.976,4
spotify:track:59KQAhHozpW5Tl6CbS1nMH,"ㅠㅠ (Credit Roll)","Right Place Wrong Person","RM",2024-05-24,74080,61,false,devonelise24,2025-05-25T21:14:04Z,"k-pop,k-rap","BIGHIT MUSIC",0.794,0.161,8,-12.954,1,0.0809,0.938,0.00000168,0.104,0.526,88.13,4
spotify:track:62HKW77nt6tudsIHXT2A0M,"Come back to me","Right Place Wrong Person","RM",2024-05-24,388960,69,false,devonelise24,2025-05-25T21:14:04Z,"k-pop,k-rap","BIGHIT MUSIC",0.623,0.462,4,-7.82,0,0.0326,0.397,0.0115,0.0492,0.344,73.007,4
spotify:track:3OdIiWnYRHPYtC313Z0Bwy,"Face-off","FACE","Jimin",2023-03-24,229627,66,true,devonelise24,2025-05-25T21:14:04Z,"k-pop","BIGHIT MUSIC",0.689,0.539,2,-7.671,0,0.048,0.178,0.0000145,0.106,0.239,119.949,4
spotify:track:54bg1e6ABcZfpU3yzwxnPf,"Rainy Days","Layover","V",2023-09-08,179560,66,false,devonelise24,2025-05-25T21:14:04Z,"k-pop","BIGHIT MUSIC",0.633,0.454,9,-8.016,0,0.0875,0.739,0,0.148,0.282,74.828,4
spotify:track:0SftJDguUa1F5SsQwwkLw4,"Love Me Again","Layover","V",2023-09-08,182293,69,false,devonelise24,2025-05-25T21:14:04Z,"k-pop","BIGHIT MUSIC",0.633,0.607,0,-6.182,0,0.0532,0.183,0.00000138,0.167,0.363,74.029,4
spotify:track:5h1BN75CEh8wdSwE1xrbSe,"Slow Dancing","Layover","V",2023-09-08,187026,78,false,devonelise24,2025-05-25T21:14:04Z,"k-pop","BIGHIT MUSIC",0.579,0.63,8,-7.758,1,0.058,0.257,0.00462,0.0986,0.552,155.96,4
spotify:track:06Qo2fYR2KS1F7bL338iVT,"Closer to You (feat. Major Lazer)","GOLDEN","Jung Kook,Major Lazer",2023-11-03,170995,74,false,devonelise24,2025-05-25T21:14:04Z,"k-pop,moombahton","BIGHIT MUSIC",0.781,0.655,2,-7.073,0,0.0457,0.114,0.00249,0.103,0.493,113.031,4
spotify:track:5KfJvZ0PZzRdwFRaTUDAA7,"Somebody","GOLDEN","Jung Kook",2023-11-03,168599,74,false,devonelise24,2025-05-25T21:14:04Z,"k-pop","BIGHIT MUSIC",0.65,0.679,1,-5.557,0,0.0477,0.286,0,0.136,0.256,106.059,4
spotify:track:00I41xsW6SunZDJ5fB8KAd,"Safety Zone","Jack In The Box","j-hope",2022-07-15,165340,58,false,devonelise24,2025-05-25T21:14:04Z,"k-pop,k-rap","BIGHIT MUSIC",0.676,0.742,8,-5.017,1,0.162,0.561,0,0.155,0.694,77.071,4
spotify:track:5YSkDxmHvzSDWTu4MaEtfa,"Smoke Sprite (feat. RM of BTS)","Episode1 : Love","So!YoON!,RM",2023-03-14,242200,25,false,devonelise24,2025-05-25T21:14:04Z,"k-rock,k-pop,k-rap","MAGIC STRAWBERRY SOUND",0.608,0.692,9,-3.182,0,0.0441,0.151,0,0.173,0.569,131.972,4
spotify:track:34o6gteNy2T5rieA0xYAgo,"Don't ever say love me (feat. RM of BTS)","Love Part 2","Colde,RM",2023-05-04,214920,1,true,devonelise24,2025-05-25T21:14:04Z,"k-pop,k-rap","ADA Korea",0.543,0.475,11,-6.502,0,0.0541,0.355,0,0.366,0.187,145.115,4
spotify:track:7kb6IV0z8Nd7vejSdAq0YN,"Stop The Rain (TABLO X RM)","Stop The Rain (TABLO X RM)","TABLO,RM",2025-05-02,190356,78,false,devonelise24,2025-05-25T21:14:04Z,"k-pop,k-rap","OURS Co.",0.792,0.618,10,-7.472,0,0.0382,0.303,0.0287,0.159,0.424,99.049,4
spotify:track:3eSPLTR9JtKiT1X4sAkTg8,"Embarrassed","Dark & Wild","BTS",2014-08-20,241761,61,false,devonelise24,2025-05-25T21:14:04Z,"k-pop","BIGHIT MUSIC",0.556,0.897,2,-3.019,1,0.282,0.181,0,0.379,0.551,84.604,4
spotify:track:6ZITsss1URNOIKhniylpBP,"Converse High","The Most Beautiful Moment in Life Pt.1","BTS",2015-04-29,209715,63,false,devonelise24,2025-05-25T21:14:04Z,"k-pop","BIGHIT MUSIC",0.724,0.793,1,-3.982,1,0.0895,0.0597,0,0.201,0.817,98.003,4
spotify:track:0mZI1NpihIVcho2f9MmqSW,"Trivia 轉 : Seesaw","Love Yourself 結 'Answer'","BTS",2018-08-24,246334,68,false,devonelise24,2025-05-25T21:14:04Z,"k-pop","BIGHIT MUSIC",0.707,0.791,5,-4.483,0,0.035,0.179,0,0.102,0.674,106.985,4
spotify:track:1YO4xJXhh9A1Feg9k8xuy2,"Paradise","Love Yourself 轉 'Tear'","BTS",2018-05-18,211223,67,false,devonelise24,2025-05-25T21:14:04Z,"k-pop","BIGHIT MUSIC",0.551,0.828,5,-5.523,1,0.352,0.214,0,0.0571,0.928,139.662,4
spotify:track:1otHp4s8IRCLn1JZcVrNhz,"Whalien 52","The Most Beautiful Moment in Life Pt.2","BTS",2015-11-30,243222,62,false,devonelise24,2025-05-25T21:14:04Z,"k-pop","BIGHIT MUSIC",0.585,0.93,10,-2.707,0,0.241,0.0992,0.00000254,0.345,0.735,90.03,4
spotify:track:2ZiVvIvwAwNRL4dUO3TaF6,"Outro: Luv in Skool","O!RUL82?","BTS",2013-09-11,86044,57,false,devonelise24,2025-05-25T21:14:04Z,"k-pop","BIGHIT MUSIC",0.693,0.392,5,-6.615,1,0.0439,0.0508,0,0.144,0.472,131.863,4
spotify:track:0nZaV8LwxHeg8TqFy193IL,"Where You From","Skool Luv Affair","BTS",2014-02-12,240106,54,false,devonelise24,2025-05-25T21:14:04Z,"k-pop","BIGHIT MUSIC",0.654,0.867,7,-1.772,1,0.313,0.432,0,0.0745,0.919,85.078,4
spotify:track:17SBD4aDKo9ZeahcQJ6j72,"24/7=Heaven","Dark & Wild","BTS",2014-08-20,226425,58,false,devonelise24,2025-05-25T21:14:04Z,"k-pop","BIGHIT MUSIC",0.642,0.903,2,-2.976,1,0.117,0.0635,0,0.33,0.573,96.068,4
spotify:track:59bY27SZQ4r25o02vqOhgC,"Girl Of My Dreams (with SUGA of BTS)","Fighting Demons (Deluxe)","Juice WRLD,SUGA,BTS",2022-03-18,226149,67,true,devonelise24,2025-05-25T21:14:04Z,"melodic rap,emo rap,k-pop","Grade A Productions/Interscope Records",0.603,0.771,9,-6.336,1,0.0627,0.194,0,0.13,0.332,139.988,4
spotify:track:55Ctj6nVfobn9AcPe6sLG2,"Like","2 Cool 4 Skool","BTS",2013-06-12,231893,70,false,devonelise24,2025-05-25T21:14:04Z,"k-pop","BIGHIT MUSIC",0.737,0.723,0,-4.165,0,0.0705,0.303,0,0.26,0.783,100.939,4
spotify:track:4VcKLbECzwOQTYe3Sut6xJ,"seoul (prod. HONNE)","mono.","RM",2018-10-22,275954,0,false,devonelise24,2025-05-25T21:14:04Z,"k-pop,k-rap","BIGHIT MUSIC",0.581,0.664,0,-8.63,1,0.0649,0.344,0.0000248,0.324,0.452,99.829,4
spotify:track:2jk6oBuLiCZJTDWhlJEzIw,"Airplane","Hope World","j-hope",2018-03-02,197913,63,false,devonelise24,2025-05-25T21:14:04Z,"k-pop,k-rap","BIGHIT MUSIC",0.801,0.651,0,-7.855,1,0.0579,0.65,0,0.109,0.238,119.992,4
spotify:track:057xGYST5exVyNevufrioZ,"Moonlight","D-2","Agust D",2020-05-22,163015,0,true,devonelise24,2025-05-25T21:14:04Z,"k-pop,k-rap","BIGHIT MUSIC",0.689,0.729,7,-5.801,1,0.225,0.273,0,0.059,0.773,97.057,4
spotify:track:2QVXLAI2Io3tDmhFOSumr0,"Interlude","2 Cool 4 Skool","BTS",2013-06-12,52440,63,false,devonelise24,2025-05-25T21:14:04Z,"k-pop","BIGHIT MUSIC",0.914,0.276,1,-13.392,0,0.319,0.494,0.762,0.392,0.854,125.897,4
spotify:track:4wDSEE082RPcnhXzPzFhCp,"People","D-2","Agust D",2020-05-22,197000,1,false,devonelise24,2025-05-25T21:14:04Z,"k-pop,k-rap","BIGHIT MUSIC",0.76,0.682,1,-6.441,1,0.0371,0.0616,0,0.118,0.372,120.008,4
spotify:track:4L3HQD7tbXCPpO9Ps7rgdm,"Change","Change","RM,Wale",2017-03-20,277970,56,false,devonelise24,2025-05-25T21:14:04Z,"k-pop,k-rap","BIGHIT MUSIC",0.511,0.85,11,-3.562,0,0.195,0.0237,0,0.0615,0.326,90.047,4
spotify:track:70sKIAQgaVN2zWEEyOpyMZ,"All Night (BTS World Original Soundtrack) [Pt. 3]","All Night (BTS World Original Soundtrack) [Pt. 3]","BTS,Juice WRLD",2019-06-21,216873,0,false,devonelise24,2025-05-25T21:14:04Z,"k-pop,melodic rap,emo rap","TakeOne Company | BigHit Entertainment",0.725,0.706,5,-4.766,1,0.121,0.193,0,0.109,0.667,120.042,4
spotify:track:0qrPZ27AhOahJivGsDbUSS,"OUTRO : Crack","FACE YOURSELF","BTS",2018-04-04,74746,56,false,devonelise24,2025-05-25T21:14:04Z,"k-pop","Universal Music LLC",0.729,0.386,2,-5.623,1,0.382,0.864,0.574,0.114,0.0567,90.138,4
spotify:track:5raJ9QoZOdoRZ1MZOcygkR,"INTRO : Calling","MAP OF THE SOUL : 7 ~ THE JOURNEY ~","BTS",2020-07-14,84613,54,false,devonelise24,2025-05-25T21:14:04Z,"k-pop","Universal Music LLC",0.486,0.61,10,-12.063,1,0.0348,0.582,0.791,0.144,0.0806,144.992,4
spotify:track:1IthE5GNiRzFN5CVaCa445,"Born Singer","Proof","BTS",2022-06-10,238628,64,false,devonelise24,2025-05-25T21:14:04Z,"k-pop","BIGHIT MUSIC",0.602,0.841,8,-3.334,0,0.109,0.0354,0,0.235,0.684,157.937,4
spotify:track:559U79ujLJSP6OUyH2nGLl,"Outro: Her","Love Yourself 承 'Her'","BTS",2017-09-18,228612,56,false,devonelise24,2025-05-25T21:14:04Z,"k-pop","BIGHIT MUSIC",0.48,0.927,3,-5.704,1,0.27,0.317,0,0.0583,0.45,88.804,4
spotify:track:0VF357Gjay5vvCqWA1kSu6,"OUTRO : The Journey","MAP OF THE SOUL : 7 ~ THE JOURNEY ~","BTS",2020-07-14,76506,54,false,devonelise24,2025-05-25T21:14:04Z,"k-pop","Universal Music LLC",0.523,0.455,9,-14.26,0,0.0632,0.704,0.459,0.135,0.165,136.959,4
spotify:track:022wInIMcMtWRqkcpy7WwO,"Could You Turn off Your Cell Phone","Dark & Wild","BTS",2014-08-20,234062,55,false,devonelise24,2025-05-25T21:14:04Z,"k-pop","BIGHIT MUSIC",0.459,0.856,6,-4.383,0,0.232,0.152,0,0.08,0.917,97.027,4
spotify:track:0Cuwd86fyu0lPVokzTp8Hu,"Closer (with Paul Blanco Mahalia)","Indigo","RM,Paul Blanco,Mahalia",2022-12-02,196507,65,false,devonelise24,2025-05-25T21:14:04Z,"k-pop,k-rap,uk r&b,alternative r&b","BIGHIT MUSIC",0.507,0.706,8,-6.395,1,0.173,0.459,0.00000237,0.163,0.403,92.828,4
spotify:track:49iPCmLYg3SS8r2MXcbR1N,"Lonely","Indigo","RM",2022-12-02,166020,66,true,devonelise24,2025-05-25T21:14:04Z,"k-pop,k-rap","BIGHIT MUSIC",0.786,0.583,11,-7.471,0,0.0371,0.168,0.000118,0.0828,0.674,114.487,4
spotify:track:3ZCuqvHYhjDlliRH9oCs77,"Hectic (with Colde)","Indigo","RM,Colde",2022-12-02,226189,60,false,devonelise24,2025-05-25T21:14:04Z,"k-pop,k-rap","BIGHIT MUSIC",0.695,0.735,1,-6.352,0,0.0473,0.0189,0.000078,0.213,0.366,109.999,4
spotify:track:2vRoAkwc3UBEPW2udvN0u9,"SDL","D-DAY","Agust D",2023-04-21,171442,65,false,devonelise24,2025-05-25T21:14:04Z,"k-pop,k-rap","BIGHIT MUSIC",0.575,0.854,9,-2.62,1,0.214,0.2,0,0.226,0.609,164.029,4
spotify:track:3Ua0m0YmEjrMi9XErKcNiR,"Like Crazy","FACE","Jimin",2023-03-24,212241,78,false,devonelise24,2025-05-25T21:14:04Z,"k-pop","BIGHIT MUSIC",0.629,0.733,7,-5.445,1,0.0419,0.0025,0,0.357,0.362,120.001,4
spotify:track:3LWVXp636uLT356Rj08Jaz,"Be Mine","MUSE","Jimin",2024-07-19,207347,75,false,devonelise24,2025-05-25T21:14:04Z,"k-pop","BIGHIT MUSIC",0.687,0.747,1,-5.496,0,0.0883,0.056,0.00000134,0.11,0.56,66.495,5
spotify:track:5wxYxygyHpbgv0EXZuqb9V,"on the street (with J. Cole)","on the street (with J. Cole)","j-hope,J. Cole",2023-03-03,214701,67,true,devonelise24,2025-05-25T21:14:04Z,"k-pop,k-rap,rap","BIGHIT MUSIC",0.681,0.821,11,-5.12,0,0.131,0.532,0.00111,0.0921,0.813,94.074,4
spotify:track:5Fhr3wqeieN5WDkAsqL1JJ,"MONA LISA","MONA LISA","j-hope",2025-03-21,137191,84,false,devonelise24,2025-05-25T21:14:04Z,"k-pop,k-rap","BIGHIT MUSIC",0.799,0.805,1,-5.009,1,0.0372,0.0278,0.00000903,0.0535,0.96,137.952,4
spotify:track:1yX9gy5fK02j6nBnGJ1S3k,"Sweet Dreams (feat. Miguel)","Sweet Dreams (feat. Miguel)","j-hope,Miguel",2025-03-07,172952,81,false,devonelise24,2025-05-25T21:14:04Z,"k-pop,k-rap,r&b","BIGHIT MUSIC",0.564,0.577,4,-6.468,0,0.0774,0.153,0,0.0726,0.797,94.3,4
spotify:track:0Puudh380z6cOCgMaTNm7h,"Future","Jack In The Box","j-hope",2022-07-15,139308,60,false,devonelise24,2025-05-25T21:14:04Z,"k-pop,k-rap","BIGHIT MUSIC",0.717,0.822,6,-5.249,1,0.0879,0.0652,0,0.36,0.764,102.042,4
spotify:track:3ajU531gR5fW71wqsw4tFX,"i wonder... (with Jung Kook of BTS)","HOPE ON THE STREET VOL.1","j-hope,Jung Kook",2024-03-29,163598,76,false,devonelise24,2025-05-25T21:14:04Z,"k-pop,k-rap","BIGHIT MUSIC",0.79,0.692,7,-5.302,1,0.0893,0.147,0.00000104,0.101,0.549,100.033,4
spotify:track:0rKWJnmo6Q0ovoPOLoLm0t,"TOO MUCH","TOO MUCH","The Kid LAROI,Jung Kook,Central Cee",2023-10-19,203894,67,true,devonelise24,2025-05-25T21:14:04Z,"k-pop,uk drill,drill,uk grime,grime","Columbia",0.753,0.719,10,-5.607,0,0.199,0.264,0,0.154,0.474,94.977,4
spotify:track:4ROdFnoZNn2RTmwct0cVpx,"Love Maze","Love Yourself 轉 'Tear'","BTS",2018-05-18,221529,70,false,devonelise24,2025-05-25T21:14:04Z,"k-pop","BIGHIT MUSIC",0.637,0.876,9,-4.652,1,0.0618,0.0483,0,0.0728,0.759,149.93,4
spotify:track:6bSwpQYEguyMlkCoWiBt3Y,"Trivia 承 : Love","Love Yourself 結 'Answer'","BTS",2018-08-24,225697,62,false,devonelise24,2025-05-25T21:14:04Z,"k-pop","BIGHIT MUSIC",0.761,0.761,5,-5.721,0,0.0899,0.242,0,0.103,0.484,121.971,4
spotify:track:5dn6QANKbf76pANGjMBida,"Blueberry Eyes (feat. SUGA of BTS)","Blueberry Eyes (feat. SUGA of BTS)","MAX,SUGA",2020-09-15,172244,60,false,devonelise24,2025-05-25T21:14:04Z,"k-pop","Colour Vision Records/Sony Music Entertainment",0.746,0.611,0,-7.034,0,0.101,0.454,0.000922,0.133,0.411,149.967,4
spotify:track:2ZbYyDM0pacTwP2odNsdlo,"A Supplementary Story: You Never Walk Alone","You Never Walk Alone","BTS",2017-02-13,156060,59,false,devonelise24,2025-05-25T21:14:04Z,"k-pop","BIGHIT MUSIC",0.696,0.903,8,-4.788,1,0.151,0.00596,0,0.0668,0.59,127.994,4
spotify:track:3LSjYk6sFQaLi0MjtWcm8P,"Make It Right","MAP OF THE SOUL : PERSONA","BTS",2019-04-12,226321,69,false,devonelise24,2025-05-25T21:14:04Z,"k-pop","BIGHIT MUSIC",0.639,0.706,7,-7.874,1,0.448,0.0104,0,0.132,0.259,105.782,4
spotify:track:1NHl9g36Ebu3g16y0vtUNV,"Fly To My Room","BE","BTS",2020-11-20,222242,62,false,devonelise24,2025-05-25T21:14:04Z,"k-pop","BIGHIT MUSIC",0.764,0.526,11,-7.355,1,0.212,0.0484,0,0.0718,0.588,114.91,4
spotify:track:5MTGPkmiUuud9NkA0sl2nI,"Magic Shop","Love Yourself 轉 'Tear'","BTS",2018-05-18,275695,71,false,devonelise24,2025-05-25T21:14:04Z,"k-pop","BIGHIT MUSIC",0.531,0.661,1,-5.836,1,0.0907,0.103,0,0.0779,0.278,149.934,4
spotify:track:6Yc3tjFCVR2bfAQFRTZBef,"HOME","MAP OF THE SOUL : PERSONA","BTS",2019-04-12,234177,76,false,devonelise24,2025-05-25T21:14:04Z,"k-pop","BIGHIT MUSIC",0.633,0.799,7,-4.625,0,0.0427,0.0144,0,0.194,0.534,142.991,4
spotify:track:4YDHRtzm0OGuieCTVQjVuk,"Trivia 起 : Just Dance","Love Yourself 結 'Answer'","BTS",2018-08-24,225220,64,false,devonelise24,2025-05-25T21:14:04Z,"k-pop","BIGHIT MUSIC",0.723,0.906,1,-4.777,0,0.281,0.0929,0,0.0771,0.393,125.023,4
spotify:track:1ZPeaPDjQOOC8hw1mNjyjF,"Pied Piper","Love Yourself 承 'Her'","BTS",2017-09-18,245620,75,false,devonelise24,2025-05-25T21:14:04Z,"k-pop","BIGHIT MUSIC",0.583,0.712,2,-4.942,0,0.0326,0.2,0,0.268,0.778,94.051,4
spotify:track:6pp6xf9zS55GD4nr318XUH,"dimple","Love Yourself 承 'Her'","BTS",2017-09-18,196776,71,false,devonelise24,2025-05-25T21:14:04Z,"k-pop","BIGHIT MUSIC",0.612,0.844,5,-4.694,0,0.0757,0.14,0,0.289,0.652,134.872,4
spotify:track:3KVOfGrYVjoP1w8T2HVltm,"2! 3!","Wings","BTS",2016-10-10,272537,63,false,devonelise24,2025-05-25T21:14:04Z,"k-pop","BIGHIT MUSIC",0.442,0.928,7,-4.096,1,0.207,0.0257,0,0.1,0.601,169.847,4
spotify:track:2So2zLatKtnIP0cy3a4Fn0,"Lost","Wings","BTS",2016-10-10,241787,63,false,devonelise24,2025-05-25T21:14:04Z,"k-pop","BIGHIT MUSIC",0.547,0.838,9,-4.157,0,0.0544,0.000374,0,0.0562,0.47,85.018,4
spotify:track:1ht2uYq91yLc9S6IxwiwCK,"Miss Right","Skool Luv Affair (Special Addition)","BTS",2014-05-14,241374,60,false,devonelise24,2025-05-25T21:14:04Z,"k-pop","BIGHIT MUSIC",0.718,0.835,1,-4.925,1,0.213,0.371,0,0.0764,0.855,92.97,4
spotify:track:3x0SuB95K0XewiAKwNEiMZ,"Outro: Propose","Skool Luv Affair","BTS",2014-02-12,122513,57,false,devonelise24,2025-05-25T21:14:04Z,"k-pop","BIGHIT MUSIC",0.397,0.847,2,-2.488,1,0.159,0.467,0,0.205,0.514,173.733,4
spotify:track:3UvbL9zd4XTsCL8O6Qp2bR,"Wishing On A Star","Youth","BTS",2016-09-07,271760,53,false,devonelise24,2025-05-25T21:14:04Z,"k-pop","PONY CANYON INC.",0.542,0.832,8,-4.717,1,0.209,0.0168,0,0.0398,0.636,179.952,4
spotify:track:1PfGlo5nWnbBxfQyY2rxYk,"The Stars","Wake Up (Standard Edition)","BTS",2014-12-24,255320,49,false,devonelise24,2025-05-25T21:14:04Z,"k-pop","PONY CANYON INC.",0.602,0.957,0,-3.132,1,0.244,0.0292,0,0.101,0.574,170.054,4
spotify:track:3asJVXjbxNEOwPUL47wvcc,"INTRO : Ringwanderung","FACE YOURSELF","BTS",2018-04-04,86053,52,false,devonelise24,2025-05-25T21:14:04Z,"k-pop","Universal Music LLC",0.589,0.824,10,-6.402,0,0.26,0.552,0.0275,0.133,0.207,115.3,4
spotify:track:0YJFlxeHMUr9MxSDQVuQJA,"My Time","MAP OF THE SOUL : 7","BTS",2020-02-21,234457,68,false,devonelise24,2025-05-25T21:14:04Z,"k-pop","BIGHIT MUSIC",0.674,0.641,0,-5.139,0,0.0339,0.149,0,0.0925,0.664,99.91,4
spotify:track:6SG8lh7fWQ2bahP5WBYePn,"We don't talk together (Prod. by SUGA)","We don’t talk together","Heize,GIRIBOY",2019-07-07,199215,60,false,devonelise24,2025-05-25T21:14:04Z,"k-ballad,k-pop,k-rap","Genie Music Corporation",0.629,0.736,7,-4.672,1,0.0401,0.039,0,0.333,0.308,97.883,4
spotify:track:2GAqePxIWf5BXTQ28Xp0Vu,"Love U Hate U","Saint O'clock","2AM,Bangtan Boyz",2010-10-26,194298,0,false,devonelise24,2025-05-25T21:14:04Z,"k-ballad,k-pop","JYP Entertainment",0.648,0.82,2,-3.824,1,0.167,0.0278,0,0.0623,0.833,174.057,4
spotify:track:3p4N6mBFv42M8dI8SUoPre,"Still Life (with Anderson .Paak)","Indigo","RM,Anderson .Paak",2022-12-02,175328,66,false,devonelise24,2025-05-25T21:14:04Z,"k-pop,k-rap","BIGHIT MUSIC",0.831,0.721,11,-5.447,0,0.164,0.277,0,0.0403,0.443,124.007,4
spotify:track:3PgnXyzWXrEoE0oQdLMF3M,"All Day (with Tablo)","Indigo","RM,TABLO",2022-12-02,186186,61,true,devonelise24,2025-05-25T21:14:04Z,"k-pop,k-rap","BIGHIT MUSIC",0.756,0.692,8,-4.434,1,0.122,0.103,0,0.283,0.553,115.067,4
spotify:track:02H58MSfVESkKyx4diDgu7,"LOST!","Right Place Wrong Person","RM",2024-05-24,233013,75,true,devonelise24,2025-05-25T21:14:04Z,"k-pop,k-rap","BIGHIT MUSIC",0.771,0.68,6,-5.63,1,0.0557,0.216,0.0000388,0.287,0.336,88.011,4
spotify:track:1b6qYBwDMBpFylGVT4PRgD,"Heart on the Window (with WENDY)","Happy","Jin,WENDY",2024-11-15,177093,67,false,devonelise24,2025-05-25T21:14:04Z,"k-pop,k-ballad","BIGHIT MUSIC",0.615,0.865,11,-6.114,0,0.0522,0.0536,0,0.738,0.52,145.999,4
spotify:track:7gMfVc4zfNIxuMyMGglOHa,"Rebirth (Intro)","MUSE","Jimin",2024-07-19,144624,75,false,devonelise24,2025-05-25T21:14:04Z,"k-pop","BIGHIT MUSIC",0.372,0.567,5,-4.211,0,0.0361,0.142,0,0.0871,0.0928,172.024,4
spotify:track:3d2bsbugow8JiNvuaRupFH,"Slow Dance (feat. Sofia Carson)","MUSE","Jimin,Sofia Carson",2024-07-19,188399,73,false,devonelise24,2025-05-25T21:14:04Z,"k-pop","BIGHIT MUSIC",0.68,0.719,1,-6.078,1,0.0708,0.132,0,0.0295,0.8,87.016,4
spotify:track:7tI8dRuH2Yc6RuoTjxo4dU,"Who","MUSE","Jimin",2024-07-19,170887,90,false,devonelise24,2025-05-25T21:14:04Z,"k-pop","BIGHIT MUSIC",0.66,0.756,0,-3.743,0,0.032,0.00289,0,0.193,0.838,116.034,4
spotify:track:6xGr4tVzpTX99p9Cf0hRRL,"3D (feat. Jack Harlow)","GOLDEN","Jung Kook,Jack Harlow",2023-11-03,201812,81,true,devonelise24,2025-05-25T21:14:04Z,"k-pop","BIGHIT MUSIC",0.853,0.824,1,-3.287,1,0.103,0.0322,0,0.0859,0.888,108.044,4
spotify:track:2HRgqmZQC0MC7GeNuDIXHN,"Seven (feat. Latto) (Explicit Ver.)","GOLDEN","Jung Kook,Latto",2023-11-03,183550,86,true,devonelise24,2025-05-25T21:14:04Z,"k-pop","BIGHIT MUSIC",0.79,0.831,11,-4.185,1,0.044,0.312,0,0.0797,0.872,124.987,4
spotify:track:2KslE17cAJNHTsI2MI0jb2,"Standing Next to You","GOLDEN","Jung Kook",2023-11-03,206019,85,false,devonelise24,2025-05-25T21:14:04Z,"k-pop","BIGHIT MUSIC",0.711,0.809,2,-4.389,0,0.0955,0.0447,0,0.339,0.816,106.017,4
spotify:track:2gkVEnpahpE3bQuvGuCpAV,"Yes or No","GOLDEN","Jung Kook",2023-11-03,147557,78,false,devonelise24,2025-05-25T21:14:04Z,"k-pop","BIGHIT MUSIC",0.671,0.839,1,-2.645,1,0.0866,0.179,0,0.0748,0.882,83.845,4
spotify:track:0k0GtcnyQLMiXrdEDbLXmJ,"Please Don't Change (feat. DJ Snake)","GOLDEN","Jung Kook,DJ Snake",2023-11-03,146684,75,false,devonelise24,2025-05-25T21:14:04Z,"k-pop","BIGHIT MUSIC",0.797,0.743,11,-6.005,1,0.174,0.164,0.0000012,0.164,0.768,114.878,4
spotify:track:1agDCV4zQqaFwJQNsTgmL1,"Smeraldo Garden Marching Band (feat. Loco)","MUSE","Jimin,Loco",2024-07-19,182840,72,false,devonelise24,2025-05-25T21:14:04Z,"k-pop,k-rap","BIGHIT MUSIC",0.79,0.915,4,-2.251,1,0.146,0.0366,0,0.0785,0.726,97.47,4
spotify:track:61AZsmFB3VoJdmraMk5ZSn,"VIBE (feat. Jimin of BTS)","VIBE (feat. Jimin of BTS)","TAEYANG,Jimin",2023-01-13,175775,58,false,devonelise24,2025-05-25T21:14:04Z,"k-pop","THEBLACKLABEL/Interscope Records",0.786,0.676,0,-5.304,1,0.0424,0.0676,0,0.263,0.598,100.066,4
spotify:track:3f7rVNaBNocDLtPmnds9eE,"To Me Today","Echo","Jin",2025-05-16,181575,75,false,devonelise24,2025-05-25T21:14:04Z,"k-pop","BIGHIT MUSIC",0.583,0.777,1,-4.664,1,0.0628,0.00642,0,0.0526,0.583,155.913,4
spotify:track:0PBTlQ84CBJF0tBnKGmQa6,"FRI(END)S","FRI(END)S","V",2024-03-15,148082,81,false,devonelise24,2025-05-25T21:14:04Z,"k-pop","BIGHIT MUSIC",0.466,0.601,8,-4.468,1,0.053,0.0315,0,0.0927,0.627,53.376,4
spotify:track:11sirgYaEutV40tkvgpHN6,"NEURON (with Gaeko & YOON MIRAE)","HOPE ON THE STREET VOL.1","j-hope,Gaeko,YOON MIRAE",2024-03-29,273290,72,false,devonelise24,2025-05-25T21:14:04Z,"k-pop,k-rap,k-ballad,soundtrack","BIGHIT MUSIC",0.669,0.9,7,-4.207,1,0.253,0.0812,0,0.227,0.699,93.902,4
spotify:track:0mBP9X2gPCuapvpZ7TGDk3,"Left and Right (Feat. Jung Kook of BTS)","Left and Right (Feat. Jung Kook of BTS)","Charlie Puth,Jung Kook,BTS",2022-06-24,154486,72,false,devonelise24,2025-05-25T21:14:04Z,"soft pop,pop,k-pop","Atlantic Records",0.881,0.592,2,-4.898,1,0.0324,0.619,0.0000132,0.0901,0.719,101.058,4
spotify:track:0ObH6HhEWiI2kXBJ4tusbQ,"i don't know (with HUH YUNJIN of LE SSERAFIM)","HOPE ON THE STREET VOL.1","j-hope,HUH YUNJIN",2024-03-29,183149,67,false,devonelise24,2025-05-25T21:14:04Z,"k-pop,k-rap","BIGHIT MUSIC",0.618,0.824,4,-4.827,0,0.0838,0.0432,0,0.28,0.437,117.958,4
spotify:track:70XnKsO3UnIT4FnEwChQXx,"= (Equal Sign)","Jack In The Box","j-hope",2022-07-15,114477,65,false,devonelise24,2025-05-25T21:14:04Z,"k-pop,k-rap","BIGHIT MUSIC",0.673,0.75,9,-5.831,1,0.0655,0.0155,0.00000544,0.348,0.708,105.848,4
spotify:track:3aKXtIPNRoD73KLpsNnNoK,"lock / unlock (with benny blanco & Nile Rodgers)","HOPE ON THE STREET VOL.1","j-hope,Nile Rodgers,benny blanco",2024-03-29,181970,68,false,devonelise24,2025-05-25T21:14:04Z,"k-pop,k-rap","BIGHIT MUSIC",0.706,0.765,6,-5.608,0,0.0338,0.0142,0.00109,0.0883,0.725,116.005,4
spotify:track:4a9tbd947vo9K8Vti9JwcI,"Boy With Luv (feat. Halsey)","MAP OF THE SOUL : PERSONA","BTS,Halsey",2019-04-12,229773,80,false,devonelise24,2025-05-25T21:14:04Z,"k-pop","BIGHIT MUSIC",0.645,0.862,11,-4.761,0,0.0845,0.0933,0,0.193,0.803,119.947,4
spotify:track:7bxGcILuAjkZzaveU28ZJS,"Save Me","The Most Beautiful Moment in Life: Young Forever","BTS",2016-05-02,196505,72,false,devonelise24,2025-05-25T21:14:04Z,"k-pop","BIGHIT MUSIC",0.613,0.822,1,-3.48,1,0.062,0.0269,0,0.0783,0.54,139.936,4
spotify:track:2FWyJIT0gL2G3xWVQ9Id5f,"Waste It On Me","Waste It On Me (feat. BTS)","Steve Aoki,BTS",2018-10-25,192536,0,false,devonelise24,2025-05-25T21:14:04Z,"electro house,edm,k-pop","Ultra Records",0.669,0.684,7,-4.595,1,0.0585,0.252,0,0.72,0.466,96.097,4
spotify:track:4c1WgUnHXq2LEncGHKgj1I,"Dream Glow (BTS World Original Soundtrack) - Pt. 1","Dream Glow (BTS World Original Soundtrack) [Pt. 1]","BTS,Charli xcx",2019-06-07,187457,0,false,devonelise24,2025-05-25T21:14:04Z,"k-pop,hyperpop,art pop","TakeOne Company | BigHit Entertainment",0.735,0.74,0,-3.837,0,0.0519,0.0967,0,0.101,0.541,141.948,4
spotify:track:0TdWVbcerMAcvljXrl9gpG,"Stay","BE","BTS",2020-11-20,204800,64,false,devonelise24,2025-05-25T21:14:04Z,"k-pop","BIGHIT MUSIC",0.582,0.693,6,-5.048,1,0.0465,0.114,0,0.13,0.341,125.904,4
spotify:track:7HYJqAMbKDJYRyEfUGOCBB,"I'm Fine","Love Yourself 結 'Answer'","BTS",2018-08-24,240339,68,false,devonelise24,2025-05-25T21:14:04Z,"k-pop","BIGHIT MUSIC",0.511,0.84,11,-2.781,0,0.103,0.00852,0,0.346,0.303,87.605,4
spotify:track:2LowwiemmGMzzNSH1PJprK,"It's Definitely You","HWARANG Pt. 2 (Music from the Original TV Series)","V,Jin",2016-12-20,230693,4,false,devonelise24,2025-05-25T21:14:04Z,"k-pop","OH!BOY PROJECT",0.737,0.731,10,-3.193,0,0.0706,0.241,0,0.087,0.761,94.999,4
spotify:track:3XYRV7ZSHqIRDG87DKTtry,"Permission to Dance","Permission to Dance","BTS",2021-07-23,187585,77,false,devonelise24,2025-05-25T21:14:04Z,"k-pop","BIGHIT MUSIC",0.702,0.741,9,-5.33,1,0.0427,0.00544,0,0.337,0.646,124.925,4
spotify:track:3FeVmId7tL5YN8B7R3imoM,"My Universe","My Universe","Coldplay,BTS",2021-09-24,228000,78,false,devonelise24,2025-05-25T21:14:04Z,"k-pop","Parlophone UK",0.588,0.701,9,-6.39,1,0.0402,0.00813,0,0.2,0.443,104.988,4
spotify:track:5QDLhrAOJJdNAmCTJ8xMyW,"Dynamite","BE","BTS",2020-11-20,199053,83,false,devonelise24,2025-05-25T21:14:04Z,"k-pop","BIGHIT MUSIC",0.746,0.765,6,-4.41,0,0.0993,0.0112,0,0.0936,0.737,114.044,4
spotify:track:78GQP9XBSqpEDlMoPAbUAJ,"P.O.P (Piece Of Peace) Pt. 1","Hope World","j-hope",2018-03-02,181113,57,false,devonelise24,2025-05-25T21:14:04Z,"k-pop,k-rap","BIGHIT MUSIC",0.547,0.844,6,-5.294,1,0.0865,0.0066,0.00000232,0.0604,0.666,175.814,4
spotify:track:5C6A1WXVfKvBBQmaFFnBgs,"Best Of Me","Love Yourself 承 'Her'","BTS",2017-09-18,227191,70,false,devonelise24,2025-05-25T21:14:04Z,"k-pop","BIGHIT MUSIC",0.655,0.756,8,-4.388,1,0.07,0.0298,0,0.396,0.469,121.936,4
spotify:track:7kyUapJyppdjzoAWB6XS14,"Outro: Wings","You Never Walk Alone","BTS",2017-02-13,225446,65,false,devonelise24,2025-05-25T21:14:04Z,"k-pop","BIGHIT MUSIC",0.651,0.903,11,-3.117,0,0.129,0.00503,0,0.0875,0.658,125.032,4
spotify:track:3G1aAxWS2Nd17FQs4PWV6X,"Run","The Most Beautiful Moment in Life Pt.2","BTS",2015-11-30,236748,73,false,devonelise24,2025-05-25T21:14:04Z,"k-pop","BIGHIT MUSIC",0.554,0.878,11,-3.02,0,0.0513,0.00146,0,0.0998,0.55,132.896,4
spotify:track:3wQnyXNFXNUEOBt1pb4urq,"I Need U","The Most Beautiful Moment in Life Pt.1","BTS",2015-04-29,210986,76,false,devonelise24,2025-06-01T22:26:27Z,"k-pop","BIGHIT MUSIC",0.478,0.88,5,-3.097,0,0.0739,0.0213,0,0.24,0.707,158.356,4
spotify:track:3uRLwBjI2TahxslcMTvpFs,"DNA","Love Yourself 承 'Her'","BTS",2017-09-18,223122,77,false,devonelise24,2025-06-01T22:26:27Z,"k-pop","BIGHIT MUSIC",0.599,0.775,1,-4.018,0,0.0543,0.0217,0,0.0678,0.696,129.817,4
spotify:track:1mWdTewIgB3gtBM3TOSFhB,"Butter","Butter (Hotter Sweeter Cooler)","BTS",2021-06-04,164441,70,false,devonelise24,2025-06-01T22:26:27Z,"k-pop","BIGHIT MUSIC",0.759,0.459,8,-5.187,1,0.0948,0.00323,0,0.0906,0.695,109.997,4
spotify:track:4TgxFMOn5yoESW6zCidCXL,"Savage Love (Laxed – Siren Beat) [BTS Remix]","Savage Love (Laxed - Siren Beat) [BTS Remix]","Jawsh 685,Jason Derulo,BTS",2020-10-02,184905,67,true,devonelise24,2025-06-01T22:26:27Z,"k-pop","Columbia",0.758,0.598,0,-5.695,0,0.0868,0.16,0,0.295,0.658,149.836,4
spotify:track:6Fnvi5QnVkTskSzeRvvQds,"Telepathy","BE","BTS",2020-11-20,202313,67,false,devonelise24,2025-06-01T21:53:39Z,"k-pop","BIGHIT MUSIC",0.787,0.669,5,-4.333,0,0.0428,0.00782,0,0.123,0.57,104.994,4
spotify:track:34OSqW5ULWxmCEMjJ1ZgVW,"Anpanman","Love Yourself 轉 'Tear'","BTS",2018-05-18,232966,70,false,devonelise24,2025-06-01T22:26:27Z,"k-pop","BIGHIT MUSIC",0.813,0.876,1,-2.92,0,0.0922,0.024,0,0.287,0.757,98.989,4
spotify:track:5UMPPsXaGbR1qtzcnEtTpM,"Hope World","Hope World","j-hope",2018-03-02,204930,66,false,devonelise24,2025-06-01T22:26:27Z,"k-pop,k-rap","BIGHIT MUSIC",0.706,0.895,1,-4.456,1,0.16,0.0138,0,0.595,0.771,117.007,4
spotify:track:2LVw2bIK99go1NdD77dUCW,"Outro : Ego","MAP OF THE SOUL : 7","BTS",2020-02-21,196198,65,false,devonelise24,2025-06-01T22:26:27Z,"k-pop","BIGHIT MUSIC",0.808,0.903,0,-3.106,1,0.0957,0.0121,0.000248,0.0993,0.473,116.988,4
spotify:track:51hIGgLnT8s6gEzjVqKlEF,"MAMA","Wings","BTS",2016-10-10,212275,59,false,devonelise24,2025-06-01T22:26:27Z,"k-pop","BIGHIT MUSIC",0.543,0.739,5,-4.818,0,0.232,0.000226,0.0000214,0.0816,0.466,185.832,4
spotify:track:5XkyZyKMdFungjDb9cUKc3,"A Brand New Day (BTS World Original Soundtrack) [Pt. 2]","A Brand New Day (BTS World Original Soundtrack) [Pt. 2]","BTS,Zara Larsson",2019-06-14,205019,0,false,devonelise24,2025-06-01T22:26:27Z,"k-pop","TakeOne Company | BigHit Entertainment",0.804,0.498,8,-7.387,0,0.0571,0.339,0.000236,0.18,0.704,105.008,4
spotify:track:5vOT8VO87TAnUjh0oADwb1,"Go Go","Love Yourself 承 'Her'","BTS",2017-09-18,235779,70,false,devonelise24,2025-06-01T22:26:27Z,"k-pop","BIGHIT MUSIC",0.856,0.617,10,-5.308,0,0.084,0.171,0,0.0857,0.759,136.081,4
spotify:track:56sdcbPR74RxqmKVbQzJ8s,"Daydream (백일몽)","Hope World","j-hope",2018-03-02,228759,67,false,devonelise24,2025-06-01T22:26:27Z,"k-pop,k-rap","BIGHIT MUSIC",0.749,0.961,8,-6.518,0,0.0874,0.00512,0,0.175,0.859,116.037,4
spotify:track:4lAE47gj539h8R1yxPhhGG,"Airplane pt.2","Love Yourself 轉 'Tear'","BTS",2018-05-18,218614,73,false,devonelise24,2025-06-01T22:26:27Z,"k-pop","BIGHIT MUSIC",0.77,0.817,0,-4.092,0,0.0339,0.0265,0.000103,0.084,0.866,139.979,4
spotify:track:2u54HNQamwFuOMLSuhSRom,"Blood Sweat & Tears","Wings","BTS",2016-10-10,217051,77,false,devonelise24,2025-06-01T22:26:27Z,"k-pop","BIGHIT MUSIC",0.584,0.885,0,-3.571,0,0.104,0.0244,0,0.357,0.605,92.9,4
spotify:track:5oH4DQAuu1J1800RzUsBWa,"That That (prod. & feat. SUGA of BTS)","PSY 9th","PSY,SUGA",2022-04-29,174646,2,false,devonelise24,2025-06-01T22:26:27Z,"k-pop","P NATION",0.905,0.962,4,-3.197,1,0.0856,0.0299,0,0.0272,0.906,129.969,4
spotify:track:0wqqe8k13bJPxRt7FEmnwS,"So What","Love Yourself 轉 'Tear'","BTS",2018-05-18,281520,69,false,devonelise24,2025-06-01T22:26:27Z,"k-pop","BIGHIT MUSIC",0.657,0.883,9,-4.294,0,0.0733,0.0238,0,0.0481,0.461,129.943,4
spotify:track:4pygz13A6EcLL6ti7kqGaf,"Super Tuna","Super Tuna","Jin",2024-10-11,114693,70,false,devonelise24,2025-06-01T22:26:27Z,"k-pop","BIGHIT MUSIC",0.641,0.964,8,-4.041,0,0.149,0.0063,0,0.0447,0.601,165.005,4
spotify:track:48ZIrgOwD74LvIf3EvLTt9,"I’ll Be There","Happy","Jin",2024-11-15,181677,63,false,devonelise24,2025-06-01T22:26:27Z,"k-pop","BIGHIT MUSIC",0.538,0.738,10,-2.412,1,0.0445,0.0351,0,0.0898,0.736,148.887,4
spotify:track:45zLrK0668WQ5JFMyiYmCS,"Interlude : Showtime","MUSE","Jimin",2024-07-19,78492,74,false,devonelise24,2025-06-01T22:26:27Z,"k-pop","BIGHIT MUSIC",0.786,0.836,4,-5.839,1,0.0633,0.558,0.444,0.684,0.921,92.002,4
spotify:track:0xzI1KAr0Yd9tv8jlIk3sn,"Bad Decisions (with BTS & Snoop Dogg)","Bad Decisions (with BTS & Snoop Dogg)","benny blanco,BTS,Snoop Dogg",2022-08-05,172714,68,false,devonelise24,2025-05-25T21:14:04Z,"k-pop,g-funk,west coast hip hop,gangster rap,hip hop,old school hip hop,rap","Friends Keep Secrets/Interscope Records",0.762,0.861,0,-3.296,1,0.0955,0.0185,0,0.264,0.955,120.048,4
spotify:track:4IJsVXbSeGPUrgwpVoHmlg,"The Planet","The Planet","BTS",2023-05-12,178156,66,false,devonelise24,2025-05-25T21:14:04Z,"k-pop","BIGHIT MUSIC",0.665,0.848,0,-3.619,1,0.0708,0.000482,0,0.2,0.687,119.986,4
spotify:track:5566hAPt0WmMPr9Xn749L7,"Rope It","Echo","Jin",2025-05-16,165809,76,false,devonelise24,2025-05-25T21:14:04Z,"k-pop","BIGHIT MUSIC",0.547,0.856,5,-2.29,1,0.0854,0.0362,0,0.617,0.597,124.075,4
spotify:track:4WrkJNGb4zUwARc0FD3iNf,"Loser (feat. YENA)","Echo","Jin,YENA",2025-05-16,155638,76,false,devonelise24,2025-05-25T21:14:04Z,"k-pop","BIGHIT MUSIC",0.561,0.914,5,-1.911,0,0.0694,0.0128,0,0.252,0.697,148.008,4
spotify:track:2X3UgVLSA4wYriGIQyYmMA,"Answer : Love Myself","Love Yourself 結 'Answer'","BTS",2018-08-24,251279,67,false,devonelise24,2025-05-25T21:14:04Z,"k-pop","BIGHIT MUSIC",0.568,0.793,1,-3.749,1,0.0406,0.189,0,0.111,0.45,108.051,4
spotify:track:5oaQsszgxYAdABuXoWEOUe,"Christmas Love","Christmas Love","Jimin",2020-12-24,197930,58,false,devonelise24,2025-05-25T21:14:04Z,"k-pop","BIGHIT MUSIC",0.608,0.753,7,-5.333,1,0.0289,0.0948,0,0.0957,0.622,99.978,4
spotify:track:5RjUtRlDonw3TBgGGMLC5b,"Friends","MAP OF THE SOUL : 7","BTS",2020-02-21,199338,66,false,devonelise24,2025-05-25T21:14:04Z,"k-pop","BIGHIT MUSIC",0.55,0.747,1,-5.211,1,0.0407,0.0668,0,0.0536,0.649,79.979,4
spotify:track:25MHcbjvSdcfTiFgbKJiZF,"Inner Child","MAP OF THE SOUL : 7","BTS",2020-02-21,233265,65,false,devonelise24,2025-05-25T21:14:04Z,"k-pop","BIGHIT MUSIC",0.589,0.696,11,-7.981,1,0.0725,0.017,0,0.0808,0.33,134.953,4
spotify:track:0jSccBRnhNU4KtACMQPvco,"Mikrokosmos","MAP OF THE SOUL : PERSONA","BTS",2019-04-12,224225,72,false,devonelise24,2025-05-25T21:14:04Z,"k-pop","BIGHIT MUSIC",0.579,0.858,8,-5.212,1,0.114,0.125,0,0.0502,0.475,174.043,3
spotify:track:133ocfbXXG4HTk76qgSeUb,"We are Bulletproof : the Eternal","MAP OF THE SOUL : 7","BTS",2020-02-21,261542,69,false,devonelise24,2025-05-25T21:14:04Z,"k-pop","BIGHIT MUSIC",0.522,0.574,9,-5.225,0,0.0317,0.224,0,0.108,0.176,84.044,4
spotify:track:6NbfFVZ01Ttvvqmcok8DxL,"Crystal Snow","FACE YOURSELF","BTS",2018-04-04,323360,63,false,devonelise24,2025-05-25T21:14:04Z,"k-pop","Universal Music LLC",0.618,0.766,3,-4.507,1,0.0323,0.117,0,0.121,0.448,113.997,4
spotify:track:0pYacDCZuRhcrwGUA5nTBe,"eight(Prod.&Feat. SUGA of BTS)","eight","IU,SUGA",2020-05-06,167573,69,false,devonelise24,2025-05-25T21:14:04Z,"k-pop,k-ballad","EDAM Entertainment",0.676,0.869,1,-1.573,1,0.0423,0.115,0,0.132,0.594,120.029,4
spotify:track:0UwQTbq7ZtBJ7v530mpaxP,"Stay Gold","Stay Gold","BTS",2020-06-19,243733,57,false,devonelise24,2025-05-25T21:14:04Z,"k-pop","Universal Music LLC",0.724,0.631,1,-5.403,1,0.0517,0.0873,0,0.0752,0.548,129.019,4
spotify:track:2aTDPjGFdyBfc3lKLAAaoI,"Good Day","Youth","BTS",2016-09-07,267506,52,false,devonelise24,2025-05-25T21:14:04Z,"k-pop","PONY CANYON INC.",0.611,0.89,6,-3.708,1,0.0452,0.0107,0,0.075,0.666,94.955,4
spotify:track:4rF72sAKXnQ2t2Q5aZlreW,"You (Prod. SUGA of BTS)","ANSWER... SHINE","ØMI",2021-10-15,187364,42,false,devonelise24,2025-05-25T21:14:04Z,"","CDL entertainment",0.677,0.517,8,-7.382,1,0.0519,0.0374,0,0.075,0.482,135.893,4
spotify:track:6KhAXXgDtEEahVzATvFNcn,"Moon","MAP OF THE SOUL : 7","BTS",2020-02-21,208589,68,false,devonelise24,2025-05-25T21:14:04Z,"k-pop","BIGHIT MUSIC",0.704,0.646,6,-6.658,1,0.0596,0.0104,0,0.191,0.64,141.87,4
spotify:track:44vXWYTcdrejrIQZEoHzl8,"Lights","Lights/Boy With Luv","BTS",2019-07-03,292773,59,false,devonelise24,2025-05-25T21:14:04Z,"k-pop","Universal Music LLC",0.625,0.663,5,-5.115,1,0.0302,0.112,0,0.105,0.398,98.998,4
spotify:track:4p7DTkyrKqT98xlIwYYfXz,"Running Wild","Happy","Jin",2024-11-15,151646,76,false,devonelise24,2025-05-25T21:14:04Z,"k-pop","BIGHIT MUSIC",0.487,0.711,8,-4.22,1,0.0322,0.000175,0,0.152,0.317,146.921,4
spotify:track:10SRMwb9EuVS1K9rYsBfHQ,"Yet To Come","Proof","BTS",2022-06-10,193593,71,false,devonelise24,2025-05-25T21:14:04Z,"k-pop","BIGHIT MUSIC",0.559,0.885,1,-4.515,1,0.189,0.0432,0,0.333,0.683,172.029,4
spotify:track:5YMXGBD6vcYP7IolemyLtK,"Euphoria","Love Yourself 結 'Answer'","BTS",2018-08-24,228615,76,false,devonelise24,2025-05-25T21:14:04Z,"k-pop","BIGHIT MUSIC",0.637,0.799,2,-4.518,1,0.0338,0.394,0,0.0921,0.57,104.996,4
spotify:track:0h7QMc9ZRzA9QJrbEHytn2,"The Astronaut","The Astronaut","Jin",2022-10-28,282463,73,false,devonelise24,2025-05-25T21:14:04Z,"k-pop","BIGHIT MUSIC",0.54,0.761,5,-5.356,1,0.0311,0.00446,0.0000025,0.137,0.215,124.988,4
spotify:track:1RDvyOk4WtPCtoqciJwVn8,"Dreamers [Music from the FIFA World Cup Qatar 2022 Official Soundtrack]","Dreamers [Music from the FIFA World Cup Qatar 2022 Official Soundtrack]","Jung Kook,BTS,FIFA Sound",2022-11-20,201391,6,false,devonelise24,2025-05-25T21:14:04Z,"k-pop","Katara Studios | 2101 Records under exclusive license to UnitedMasters LLC",0.71,0.879,0,-4.218,1,0.0422,0.158,0.00142,0.439,0.341,114.993,4
spotify:track:5IAESfJjmOYu7cHyX557kz,"Take Two","Take Two","BTS",2023-06-09,229953,72,false,devonelise24,2025-05-25T21:14:04Z,"k-pop","BIGHIT MUSIC",0.617,0.589,7,-5.978,1,0.0345,0.0268,0,0.378,0.566,92.991,4
spotify:track:4H6s1mTZcjHAMU36ZF3Xoz,"Nothing Without Your Love","Echo","Jin",2025-05-16,176126,77,false,devonelise24,2025-05-25T21:14:04Z,"k-pop","BIGHIT MUSIC",0.494,0.837,7,-4.18,1,0.0616,0.00907,0,0.0925,0.246,129.843,4
spotify:track:5RdKO1lsHG9jhbG03LL7cv,"With the Clouds","Echo","Jin",2025-05-16,188897,76,false,devonelise24,2025-05-25T21:14:04Z,"k-pop","BIGHIT MUSIC",0.264,0.868,11,-5.536,1,0.0637,0.00294,0.000117,0.368,0.308,101.886,4
spotify:track:6L88EH68XwlaXwvChlTS41,"Epiphany","Love Yourself 結 'Answer'","BTS",2018-08-24,240361,72,false,devonelise24,2025-05-25T21:14:04Z,"k-pop","BIGHIT MUSIC",0.508,0.559,2,-6.366,0,0.0276,0.288,0,0.131,0.329,135.866,4
spotify:track:1dS4l6xmdgEhCZTAhdOm4N,"Serendipity (Full Length Edition)","Love Yourself 結 'Answer'","BTS",2018-08-24,276707,70,false,devonelise24,2025-05-25T21:14:04Z,"k-pop","BIGHIT MUSIC",0.422,0.578,8,-7.524,1,0.0548,0.443,0,0.231,0.227,128.921,4
spotify:track:2RUcwyW74Sv4VracHFrKdh,"Promise","Promise","Jimin",2018-12-31,151011,69,false,devonelise24,2025-05-25T21:14:04Z,"k-pop","BIGHIT MUSIC",0.692,0.534,2,-7.155,1,0.0433,0.83,0.00000557,0.238,0.739,88.964,4
spotify:track:3TZ7NHkMT82AhwuYsd00Hz,"Your eyes tell","MAP OF THE SOUL : 7 ~ THE JOURNEY ~","BTS",2020-07-14,245146,64,false,devonelise24,2025-05-25T21:14:04Z,"k-pop","Universal Music LLC",0.449,0.491,9,-6.433,0,0.029,0.279,0,0.0654,0.258,139.923,4
spotify:track:74ewFAgDzRkhZ7EX2eLtfZ,"Winter Bear","Winter Bear","V",2019-08-10,174824,68,false,devonelise24,2025-05-25T21:14:04Z,"k-pop","BIGHIT MUSIC",0.291,0.453,7,-10.387,1,0.0285,0.247,0.162,0.219,0.291,166.224,3
spotify:track:39EXZNMxb4RBHlRjnRaOKp,"Sweet Night","ITAEWON CLASS (Original Television Soundtrack) Pt. 12","V",2020-03-13,214258,2,false,devonelise24,2025-05-25T21:14:04Z,"k-pop","(주)블렌딩",0.462,0.339,3,-7.943,1,0.025,0.495,0.00000815,0.0893,0.149,92.106,4
spotify:track:3bjg5cbmuwDoS7e2dAWyRG,"Butterfly","The Most Beautiful Moment in Life Pt.2","BTS",2015-11-30,238861,73,false,devonelise24,2025-05-25T21:14:04Z,"k-pop","BIGHIT MUSIC",0.461,0.776,6,-4.498,1,0.0565,0.0149,0,0.12,0.291,149.985,4
spotify:track:2j1fFjWHCI9KJSwcuYAOyF,"Spring Day","You Never Walk Alone","BTS",2017-02-13,274097,78,false,devonelise24,2025-05-25T21:14:04Z,"k-pop","BIGHIT MUSIC",0.539,0.846,8,-3.192,1,0.0354,0.00631,0.00000171,0.13,0.462,106.994,4
spotify:track:5EgYDyMDCi8X0zDydTF7Rb,"Heartbeat (BTS World Original Soundtrack)","BTS WORLD (Original Soundtrack)","BTS",2019-06-28,253303,1,false,devonelise24,2025-05-25T21:14:04Z,"k-pop","TakeOne Company | BigHit Entertainment",0.437,0.716,5,-4.306,1,0.05,0.39,0,0.208,0.307,170.094,4
spotify:track:7cgWWkpUaS94xoWI8lMGiI,"Jamais Vu","MAP OF THE SOUL : PERSONA","BTS",2019-04-12,227275,65,false,devonelise24,2025-05-25T21:14:04Z,"k-pop","BIGHIT MUSIC",0.608,0.47,8,-6.73,1,0.0428,0.226,0,0.0963,0.241,81,4
spotify:track:5FVbvttjEvQ8r2BgUcJgNg,"Life Goes On","BE","BTS",2020-11-20,207481,79,false,devonelise24,2025-05-25T21:14:04Z,"k-pop","BIGHIT MUSIC",0.566,0.716,1,-5.733,1,0.0424,0.00691,0,0.37,0.45,81.068,4
spotify:track:1OqDvYVDhJyFZny7XlfIyZ,"Let Go","FACE YOURSELF","BTS",2018-04-04,299706,63,false,devonelise24,2025-05-25T21:14:04Z,"k-pop","Universal Music LLC",0.558,0.863,4,-3.53,1,0.178,0.17,0,0.289,0.388,173.908,4
spotify:track:6t7WriKgVszATnrdBKSUAf,"Just One Day","Skool Luv Affair","BTS",2014-02-12,239469,73,false,devonelise24,2025-05-25T21:14:04Z,"k-pop","BIGHIT MUSIC",0.685,0.713,6,-4.705,0,0.266,0.179,0,0.377,0.301,95.092,4
spotify:track:4eqHEzFsCCiGALC1MHbqnU,"Coffee","O!RUL82?","BTS",2013-09-11,260433,66,false,devonelise24,2025-05-25T21:14:04Z,"k-pop","BIGHIT MUSIC",0.656,0.798,0,-6.608,1,0.103,0.00862,0,0.321,0.573,92.031,4
spotify:track:3UHPGOkUcE4hE7sqBF4Snt,"Film out","Film out","BTS",2021-04-01,214620,66,false,devonelise24,2025-05-25T21:14:04Z,"k-pop","Universal Music LLC",0.499,0.709,10,-6.404,1,0.134,0.296,0,0.331,0.314,164.032,4
spotify:track:2gzhQaCTeNgxpeB2TPllyY,"With you","Our Blues Pt. 4 (Original Television Soundtrack)","Jimin,HA SUNG WOON",2022-04-24,201905,69,false,devonelise24,2025-05-25T21:14:04Z,"k-pop","Genie Music Corporation, Stone Music Entertainment",0.532,0.426,3,-6.117,1,0.0288,0.639,0,0.134,0.137,149.898,3
spotify:track:3eHkFA3StDR9BU7EVrUFLs,"WINE (Feat.Changmo) (Prod. SUGA)","WINE","SURAN,CHANGMO",2017-04-27,232194,55,false,devonelise24,2025-05-25T21:14:04Z,"k-pop,k-rap","Million Market,Inc",0.62,0.644,4,-2.713,0,0.0447,0.314,0,0.105,0.502,145.87,4
spotify:track:6fqaMyg066xlukvUJWdM2T,"00:00 (Zero O’Clock)","MAP OF THE SOUL : 7","BTS",2020-02-21,250295,71,false,devonelise24,2025-05-25T21:14:04Z,"k-pop","BIGHIT MUSIC",0.56,0.547,1,-6.456,1,0.0675,0.0806,0,0.11,0.199,157.962,4
spotify:track:7bSJAuXjyhlTcz5CfoNDdt,"everythingoes","mono.","RM,NELL",2018-10-22,222493,0,false,devonelise24,2025-05-25T21:14:04Z,"k-pop,k-rap,k-rock,k-ballad","BIGHIT MUSIC",0.47,0.722,5,-5.819,1,0.0303,0.143,0.00000291,0.128,0.14,92.034,4
spotify:track:2offgVA6h500KKIvUYU5kP,"For You","Youth","BTS",2016-09-07,284586,56,false,devonelise24,2025-05-25T21:14:04Z,"k-pop","PONY CANYON INC.",0.547,0.809,4,-4.533,1,0.185,0.441,0,0.102,0.574,165.9,4
spotify:track:5zvLKLuTQvN8BzdQtOSBd3,"Bicycle","Bicycle","RM",2021-06-07,205956,58,false,devonelise24,2025-05-25T21:14:04Z,"k-pop,k-rap","BIGHIT MUSIC",0.61,0.702,7,-5.806,1,0.0451,0.0399,0.00287,0.29,0.513,91.035,4
spotify:track:7AyaV1Ga66yguStIr20zsO,"Crying Over You ◐ (feat. RM & BEKA)","Love Me / Love Me Not (Sessions)","HONNE,RM,BEKA",2018,244859,53,false,devonelise24,2025-05-25T21:14:04Z,"k-pop,k-rap","Atlantic Records UK",0.536,0.652,1,-7.452,0,0.102,0.0835,0,0.384,0.421,82.238,4
spotify:track:186NCtNk1tUYS7c2DxgJ7O,"Christmas Tree","Our Beloved Summer (Original Television Soundtrack) Pt. 5","V",2021-12-24,209946,75,false,devonelise24,2025-05-25T21:14:04Z,"k-pop","MOST CONTENTS",0.437,0.384,5,-8.384,1,0.042,0.699,0.0000233,0.121,0.181,139.009,4
spotify:track:4Erd7CCGJQc7Tom0eIvQJO,"Hope","Hope","john eun",2020-11-18,124446,0,false,devonelise24,2025-05-25T21:14:04Z,"","BSBL",0.353,0.284,11,-14.778,1,0.0361,0.838,0.825,0.123,0.14,92.085,4
spotify:track:5blZcMwtCrPa7bp7lMBiTt,"A Song Make to You Smile","The Project","Lee Seung Gi,BTS,Hareem",2020-12-10,189173,47,false,devonelise24,2025-05-25T21:14:04Z,"k-ballad,k-pop","HOOKentertainment",0.452,0.784,9,-4.527,1,0.0539,0.337,0,0.313,0.519,146.036,4
spotify:track:1mrS1j5cwaffpXsthTb2Qx,"Forg_tful (with Kim Sawol)","Indigo","RM,Kim Sawol",2022-12-02,162295,58,false,devonelise24,2025-05-25T21:14:04Z,"k-pop,k-rap,k-ballad","BIGHIT MUSIC",0.766,0.26,4,-11.19,1,0.0558,0.674,0.00000247,0.13,0.305,124.838,4
spotify:track:7gv3UYPh05ZDP7Io5BIsn7,"Life Goes On","D-DAY","Agust D",2023-04-21,197638,69,false,devonelise24,2025-05-25T21:14:04Z,"k-pop,k-rap","BIGHIT MUSIC",0.439,0.733,4,-6.471,1,0.0773,0.0345,0,0.292,0.615,162.125,4
spotify:track:6qafqn8bBMy7t5c5WqpyRk,"Closer Than This","MUSE","Jimin",2024-07-19,223301,72,false,devonelise24,2025-05-25T21:14:04Z,"k-pop","BIGHIT MUSIC",0.716,0.531,0,-6.051,1,0.0367,0.391,0,0.0691,0.431,87.984,4
spotify:track:3bNNvJA7hsGw0wSpGkfOBm,"Too Sad to Dance","GOLDEN","Jung Kook",2023-11-03,175911,73,false,devonelise24,2025-05-25T21:14:04Z,"k-pop","BIGHIT MUSIC",0.558,0.467,10,-6.292,1,0.0809,0.611,0,0.105,0.563,100.518,4
spotify:track:4JzCFEc3O2UEdjKzevvFH5,"For Youth","Proof","BTS",2022-06-10,264480,67,false,devonelise24,2025-05-25T21:14:04Z,"k-pop","BIGHIT MUSIC",0.633,0.511,2,-5.665,1,0.0368,0.434,0,0.248,0.29,116.855,3
spotify:track:0pNFrM5L0te1EXGxveeYiR,"My You","My You","Jung Kook",2022-06-13,165070,73,false,devonelise24,2025-05-25T21:14:04Z,"k-pop","BIGHIT MUSIC",0.451,0.691,9,-5.395,1,0.0374,0.421,0,0.338,0.354,143.997,4
spotify:track:1k255f17DRuRbGrfz5Ifmd,"wherever u r (ft. V of BTS)","wherever u r (ft. V of BTS)","UMI,V",2023-12-30,153034,68,false,devonelise24,2025-05-25T21:14:04Z,"k-pop","UMI Inc under exclusive license to Unitedmasters LLC",0.642,0.434,8,-9.178,1,0.0558,0.78,0.00000301,0.109,0.484,104.846,3
spotify:track:7134tEHq45eL6am9oVazZU,"White Christmas (with V of BTS)","White Christmas (with V of BTS)","V,Bing Crosby",2024-12-06,173033,68,false,devonelise24,2025-05-25T21:14:04Z,"k-pop,christmas","White Christmas",0.227,0.332,9,-9.602,1,0.0311,0.787,0.0837,0.198,0.158,97.475,4
spotify:track:2oLG1iXgeqxg4d9ZGQTpaE,"I'm In Love (10점 만점에 10점 양궁소녀 이렇게 하면 너를 찌를 수 있을 거라 생각했어 펜싱맨)","Mask Singer 71th (Live Version)","lady Jane,Jung Kook",2016-08-07,244481,47,false,devonelise24,2025-05-25T21:14:04Z,"k-pop","MBC",0.526,0.436,5,-7.172,1,0.0324,0.696,0,0.275,0.281,66.117,4
spotify:track:27xkOIER6uDLKALIelHylZ,"Don’t Say You Love Me","Echo","Jin",2025-05-16,180716,91,false,devonelise24,2025-05-25T21:14:04Z,"k-pop","BIGHIT MUSIC",0.729,0.562,8,-5.49,1,0.0304,0.484,0,0.105,0.757,111.976,4
spotify:track:4Aw8n6r2vuU0KUo1a2nftp,"Louder than bombs","MAP OF THE SOUL : 7","BTS",2020-02-21,217404,67,false,devonelise24,2025-05-25T21:14:04Z,"k-pop","BIGHIT MUSIC",0.643,0.667,0,-6.947,0,0.151,0.0432,0,0.0904,0.478,145.999,4
spotify:track:4eP8Syl3aBEQw3Jy5Bhq0D,"The Truth Untold","Love Yourself 結 'Answer'","BTS,Steve Aoki",2018-08-24,242292,62,false,devonelise24,2025-05-25T21:14:04Z,"k-pop,electro house,edm","BIGHIT MUSIC",0.571,0.422,1,-7.561,0,0.0422,0.374,0,0.127,0.169,113.016,4
spotify:track:3gxNkvcP8scSzL6mGznTn3,"Awake","Wings","BTS",2016-10-10,226160,62,false,devonelise24,2025-05-25T21:14:04Z,"k-pop","BIGHIT MUSIC",0.35,0.498,3,-6.589,1,0.0332,0.023,0.00000199,0.269,0.34,142.803,4
spotify:track:5a0nHa7F4S9hb0Zi0zLS8w,"SUGA's Interlude","SUGA's Interlude","Halsey,SUGA,BTS",2019-12-06,138204,1,false,devonelise24,2025-05-25T21:14:04Z,"k-pop","Capitol Records",0.55,0.732,0,-6.88,1,0.105,0.0864,0,0.0425,0.246,153.836,4
spotify:track:2P6PLe4ojigLUp4CWMkcAI,"Tonight","Tonight","Jin",2019-06-05,178806,65,false,devonelise24,2025-05-25T21:14:04Z,"k-pop","BIGHIT MUSIC",0.603,0.418,11,-7.431,1,0.0441,0.673,0,0.132,0.346,77.457,4
spotify:track:40BomFCBuJok3OjxM9oG7e,"Abyss","Abyss","Jin",2020-12-03,155108,68,false,devonelise24,2025-05-25T21:14:04Z,"k-pop","BIGHIT MUSIC",0.434,0.506,0,-5.359,1,0.0317,0.535,0,0.163,0.346,143.776,4
spotify:track:0hwev90tfswBoZmgKnJ9F8,"Outro: Love Is Not Over","The Most Beautiful Moment in Life Pt.1","BTS",2015-04-29,143862,56,false,devonelise24,2025-05-25T21:14:04Z,"k-pop","BIGHIT MUSIC",0.719,0.335,2,-8.085,1,0.06,0.632,0,0.131,0.218,105.062,4
spotify:track:5rNZsITjXf23iFkRA924FV,"Intro: Singularity","Love Yourself 轉 'Tear'","BTS",2018-05-18,196998,63,false,devonelise24,2025-05-25T21:14:04Z,"k-pop","BIGHIT MUSIC",0.775,0.272,1,-9.126,0,0.091,0.56,0.00278,0.112,0.198,103.991,3
spotify:track:3LTwMQ9kkn5VVhP3jipBlR,"Stigma","Wings","BTS",2016-10-10,216063,64,false,devonelise24,2025-05-25T21:14:04Z,"k-pop","BIGHIT MUSIC",0.566,0.475,0,-5.556,0,0.089,0.148,0,0.139,0.335,136.442,4
spotify:track:0eFMbKCRw8KByXyWBw8WO7,"Still With You","Still With You","Jung Kook",2020-06-05,239905,83,false,devonelise24,2025-05-25T21:14:04Z,"k-pop","BIGHIT MUSIC",0.529,0.469,1,-6.967,0,0.0358,0.0899,0.0000153,0.831,0.344,87.864,4
spotify:track:7L8JKDh4yB5rCcg2Rp4yvz,"badbye","mono.","RM,eAeon",2018-10-22,112606,0,false,devonelise24,2025-05-25T21:14:04Z,"k-pop,k-rap","BIGHIT MUSIC",0.241,0.536,7,-8.88,1,0.0432,0.0948,0.0114,0.296,0.23,142.129,4
spotify:track:20zr2Oef3PVeGRxjmSF5CC,"Blue Side (Outro)","Hope World","j-hope",2018-03-02,90539,60,false,devonelise24,2025-05-25T21:14:04Z,"k-pop,k-rap","BIGHIT MUSIC",0.512,0.394,9,-10.202,0,0.0263,0.0149,0.901,0.309,0.083,80.522,4
spotify:track:6S2gYweMmT6xygVh5q3QLa,"House of Cards (Full Length Edition)","The Most Beautiful Moment in Life: Young Forever","BTS",2016-05-02,226212,72,false,devonelise24,2025-05-25T21:14:04Z,"k-pop","BIGHIT MUSIC",0.367,0.668,2,-4.484,0,0.052,0.336,0,0.147,0.384,104.961,4
spotify:track:1hlT8F0X27uf3fpOWawjbY,"Intro: Boy Meets Evil","Wings","BTS",2016-10-10,121770,61,false,devonelise24,2025-05-25T21:14:04Z,"k-pop","BIGHIT MUSIC",0.573,0.89,5,-3.53,0,0.214,0.0212,0,0.132,0.242,130.251,4
spotify:track:2qG81jL9UIP54uS8gYyP4k,"Who (feat. BTS)","~how i'm feeling~","Lauv,BTS",2020-03-06,180413,1,false,devonelise24,2025-05-25T21:14:04Z,"k-pop","Lauv",0.632,0.339,11,-7.983,0,0.0337,0.546,0,0.104,0.0969,141.642,3
spotify:track:10IfXtjKQmOiON7tNAHv0y,"Yours","Jirisan (Original Television Soundtrack) Pt. 4","Jin",2021-11-07,264840,0,false,devonelise24,2025-05-25T21:14:04Z,"k-pop","에이스토리, 모스트콘텐츠",0.488,0.427,6,-7.383,1,0.0382,0.354,0,0.0797,0.157,72.035,4
spotify:track:6Au7CCNN2wXgCNxdavgxDM,"Song Request (feat. SUGA of BTS)","Song Request (feat. SUGA of BTS)","Lee So Ra,SUGA",2019-01-22,281066,57,false,devonelise24,2025-05-25T21:14:04Z,"k-ballad,k-pop","에르타알레",0.481,0.59,2,-7.145,1,0.0903,0.707,0.00037,0.141,0.454,175.788,4
spotify:track:4xAt9CoV83PT6U9JvcauLZ,"Interlude : Set me free","D-2","Agust D",2020-05-22,140198,0,false,devonelise24,2025-05-25T21:14:04Z,"k-pop,k-rap","BIGHIT MUSIC",0.31,0.416,5,-10.429,1,0.0346,0.0755,0.0000334,0.18,0.207,129.925,4
spotify:track:1UHkDovEFqHzHCPyNe0BTy,"Scenery","Scenery","V",2019-01-30,294252,65,false,devonelise24,2025-05-25T21:14:04Z,"k-pop","BIGHIT MUSIC",0.367,0.263,3,-11.413,1,0.0309,0.658,0.000038,0.269,0.247,130.674,3
spotify:track:34IGOyXR6cn0YI9VBu8m0y,"Snow Flower (feat. Peakboy)","Snow Flower (feat. Peakboy)","V,Peakboy",2020-12-25,229013,65,false,devonelise24,2025-05-25T21:14:04Z,"k-pop","BIGHIT MUSIC",0.767,0.435,11,-5.732,1,0.0388,0.377,0.0000414,0.116,0.355,97.529,3
spotify:track:5c2BZj7YSGHwvjf2CtO2S4,"I will come to you","Happy","Jin",2024-11-15,156964,65,false,devonelise24,2025-05-25T21:14:04Z,"k-pop","BIGHIT MUSIC",0.625,0.129,7,-13.824,1,0.0343,0.897,0,0.0856,0.496,79.979,4
spotify:track:41JPN7pZMTp1sumBOHOzHd,"People Pt.2 (feat. IU)","D-DAY","Agust D,IU",2023-04-21,213995,67,false,devonelise24,2025-05-25T21:14:04Z,"k-pop,k-rap,k-ballad","BIGHIT MUSIC",0.729,0.574,7,-4.779,0,0.0589,0.391,0,0.319,0.438,88.94,4
spotify:track:56tf3cHQkwmvoplotk5QXd,"Interlude : Dawn","D-DAY","Agust D",2023-04-21,105139,62,false,devonelise24,2025-05-25T21:14:04Z,"k-pop,k-rap","BIGHIT MUSIC",0.188,0.309,5,-10.564,0,0.0287,0.898,0.771,0.0621,0.0677,90.687,4
spotify:track:2qg2jy3v50RwfV5FAqG3a2,"Interlude : Dive","FACE","Jimin",2023-03-24,130996,61,false,devonelise24,2025-05-25T21:14:04Z,"k-pop","BIGHIT MUSIC",0.284,0.495,0,-11.74,1,0.0421,0.789,0.835,0.0946,0.26,86.314,4
spotify:track:5Hfnps0jaWFpYg55WOPexG,"Alone","FACE","Jimin",2023-03-24,211250,67,false,devonelise24,2025-05-25T21:14:04Z,"k-pop","BIGHIT MUSIC",0.593,0.446,0,-7.776,0,0.0266,0.283,0,0.119,0.168,102.057,4
spotify:track:2UU11hvjN1JIn4iihEodNT,"Blue","Layover","V",2023-09-08,149853,70,false,devonelise24,2025-05-25T21:14:04Z,"k-pop","BIGHIT MUSIC",0.735,0.442,2,-9.529,0,0.0719,0.68,0.0011,0.0992,0.277,128.013,4
spotify:track:5ONOlTiqymhzwcFjqcIT6E,"Hate You","GOLDEN","Jung Kook",2023-11-03,154236,74,false,devonelise24,2025-05-25T21:14:04Z,"k-pop","BIGHIT MUSIC",0.419,0.274,2,-9.321,1,0.0314,0.862,0,0.092,0.25,79.595,4
spotify:track:4HAOgAnILvXCbSODMoRnmD,"For Us","Layover","V",2023-09-08,171160,71,false,devonelise24,2025-05-25T21:14:04Z,"k-pop","BIGHIT MUSIC",0.556,0.339,1,-11.128,0,0.033,0.798,0.0118,0.172,0.215,84.968,4
spotify:track:7Ki0hse0IfXEcXUlpyECbJ,"Blue & Grey","BE","BTS",2020-11-20,254950,67,false,devonelise24,2025-05-25T21:14:04Z,"k-pop","BIGHIT MUSIC",0.547,0.605,8,-6.755,1,0.0415,0.42,0,0.125,0.364,121.953,4
spotify:track:7AbqgE05nFl9qY4FRUiq2p,"Shot Glass of Tears","GOLDEN","Jung Kook",2023-11-03,167246,73,false,devonelise24,2025-05-25T21:14:04Z,"k-pop","BIGHIT MUSIC",0.507,0.394,6,-7.188,0,0.035,0.508,0,0.0825,0.164,77.955,4
spotify:track:4z0vfU3JiAsl99ZHL29hMm,"Close to You","When the Stars Gossip OST Part.3","Jin",2025-01-26,228146,68,false,devonelise24,2025-05-25T21:14:04Z,"k-pop","SORI NARLY, Studio Dragon, KEYEAST",0.355,0.404,5,-5.795,1,0.0354,0.779,0.0000219,0.101,0.207,126.573,4
spotify:track:2yjeXq5ahx6UUg2rHaUe6X,"Angel Pt. 2 (feat. Jimin of BTS Charlie Puth and Muni Long)","Angel Pt. 1 (feat. Jimin of BTS JVKE & Muni Long) (FAST X Soundtrack)","JVKE,Jimin,Charlie Puth,Muni Long,Fast & Furious: The Fast Saga",2023-05-18,176454,59,false,devonelise24,2025-05-25T21:14:04Z,"k-pop,soft pop,pop,phonk,drift phonk","APG Inc – FF10",0.57,0.635,1,-6.641,1,0.121,0.186,0,0.0874,0.364,84.856,4
spotify:track:7G7mSV4BebkoHWwKTDvXu9,"Winter Ahead (with PARK HYO SHIN)","Winter Ahead (with PARK HYO SHIN)","V,Park Hyo Shin",2024-11-29,234895,84,false,devonelise24,2025-05-25T21:14:04Z,"k-pop,k-ballad","BIGHIT MUSIC",0.36,0.316,3,-9.954,1,0.0284,0.858,0.000212,0.23,0.229,76.844,3
spotify:track:2uqzfXB7NlBnhQd04W7HaH,"Let Me Know","Dark & Wild","BTS",2014-08-20,254973,64,false,devonelise24,2025-05-25T21:14:04Z,"k-pop","BIGHIT MUSIC",0.61,0.829,11,-4.84,0,0.0847,0.0111,0,0.0961,0.156,136.102,4
spotify:track:6m1TWFMeon7ai9XLOzdbiR,"FAKE LOVE","Love Yourself 轉 'Tear'","BTS",2018-05-18,242333,82,false,devonelise24,2025-05-25T21:14:04Z,"k-pop","BIGHIT MUSIC",0.557,0.719,2,-4.515,0,0.0371,0.00267,0,0.306,0.345,77.502,4
spotify:track:2SKBwYW23iHoB7CrYSeyC9,"Hold Me Tight","The Most Beautiful Moment in Life Pt.1","BTS",2015-04-29,274991,65,false,devonelise24,2025-05-25T21:14:04Z,"k-pop","BIGHIT MUSIC",0.622,0.728,6,-5.111,1,0.286,0.0511,0,0.171,0.394,139.994,4
spotify:track:3zIG0WuI5RoJsFYnErkFDU,"Don't Leave Me","FACE YOURSELF","BTS",2018-04-04,227413,62,false,devonelise24,2025-05-25T21:14:04Z,"k-pop","Universal Music LLC",0.62,0.778,8,-4.622,0,0.0724,0.116,0,0.312,0.386,147.012,4
spotify:track:1nWB8isqs2tviWk20G5pow,"Lie","Wings","BTS",2016-10-10,215752,67,false,devonelise24,2025-05-25T21:14:04Z,"k-pop","BIGHIT MUSIC",0.541,0.779,6,-5.581,0,0.033,0.00338,0,0.177,0.501,94.069,3
spotify:track:4Eefey3uN90Abhbr47zKmC,"WINTER FLOWER(Feat.RM)","UNSTABLE MINDSET","Younha,RM",2020-01-06,221133,59,false,devonelise24,2025-05-25T21:14:04Z,"k-ballad,k-pop,k-rap","C9 ENTERTAINMENT",0.564,0.796,0,-3.698,1,0.0737,0.118,0,0.0938,0.241,95.946,4
spotify:track:158kubraiqKrcYpRsDHrBU,"Autumn Leaves","The Most Beautiful Moment in Life Pt.2","BTS",2015-11-30,267150,65,false,devonelise24,2025-05-25T21:14:04Z,"k-pop","BIGHIT MUSIC",0.619,0.804,10,-3.301,0,0.0424,0.0135,0,0.127,0.314,104.978,4
spotify:track:0JkTVcN5kilfMztDb3bKZk,"Tomorrow","Skool Luv Affair","BTS",2014-02-12,261574,64,false,devonelise24,2025-05-25T21:14:04Z,"k-pop","BIGHIT MUSIC",0.399,0.887,1,-2.578,0,0.201,0.00946,0,0.281,0.627,128.119,4
spotify:track:4bZZVcgWWMWPBwzTTp642w,"Filter","MAP OF THE SOUL : 7","BTS",2020-02-21,180220,71,false,devonelise24,2025-05-25T21:14:04Z,"k-pop","BIGHIT MUSIC",0.779,0.762,10,-5.188,0,0.0631,0.0224,0,0.121,0.859,110.043,4
spotify:track:6wH3AP7b01vpzKYRJhreMy,"Black Swan","Black Swan","BTS",2020-01-17,198260,65,false,devonelise24,2025-05-25T21:14:04Z,"k-pop","BIGHIT MUSIC",0.719,0.757,2,-5.167,0,0.0849,0.137,0,0.129,0.489,147.024,4
spotify:track:7CAdT0HdiQNlt1C7xk2hep,"Stay Alive (Prod. SUGA of BTS)","Stay Alive (Prod. SUGA of BTS)","Jung Kook",2022-02-11,210928,73,false,devonelise24,2025-05-25T21:14:04Z,"k-pop","BIGHIT MUSIC",0.512,0.76,2,-5.889,0,0.0682,0.299,0,0.103,0.495,130.096,4
spotify:track:6iFsAGMsGLvLesAhzTcRpl,"So Far Away","Agust D","Agust D,SURAN",2016-08-16,358270,0,false,devonelise24,2025-05-25T21:14:04Z,"k-pop,k-rap","BIGHIT MUSIC",0.482,0.828,11,-4.501,0,0.104,0.0093,0,0.325,0.274,93.892,4
spotify:track:1AZjCZSGEjlxUufFQwSszF,"Wild Flower (with youjeen)","Indigo","RM,Youjeen",2022-12-02,273499,76,false,devonelise24,2025-05-25T21:14:04Z,"k-pop,k-rap,k-rock","BIGHIT MUSIC",0.486,0.766,8,-5.821,1,0.0938,0.0282,0,0.123,0.417,154.992,4
spotify:track:4xbq37lr4SuP3kuxj9y8gp,"Another Level","Happy","Jin",2024-11-15,162834,66,false,devonelise24,2025-05-25T21:14:04Z,"k-pop","BIGHIT MUSIC",0.548,0.577,4,-4.877,1,0.0284,0.159,0,0.0642,0.348,80.036,4
spotify:track:3DeK5G7OhuJ1P1462XXgIu,"Falling","Happy","Jin",2024-11-15,178838,65,false,devonelise24,2025-05-25T21:14:04Z,"k-pop","BIGHIT MUSIC",0.662,0.708,8,-4.626,0,0.0338,0.038,0.00023,0.0483,0.607,127.988,4
spotify:track:3l6LBCOL9nPsSY29TUY2VE,"Lilith (feat. SUGA of BTS) (Diablo IV Anthem)","Lilith (feat. SUGA of BTS) (Diablo IV Anthem)","Halsey,SUGA",2023-06-05,180933,65,true,devonelise24,2025-05-25T21:14:04Z,"k-pop","Capitol Records",0.461,0.721,9,-8.286,0,0.0689,0.00816,0.00000643,0.214,0.144,126.206,3
spotify:track:1qmcc6IRvBdhmqhLhSaJoo,"Background","Echo","Jin",2025-05-16,175665,76,false,devonelise24,2025-05-25T21:14:04Z,"k-pop","BIGHIT MUSIC",0.498,0.787,1,-5.372,1,0.0544,0.0543,0,0.102,0.26,128.003,4
spotify:track:6JbPyMiLnWaaKusic64bCq,"Intro: Never Mind","The Most Beautiful Moment in Life Pt.2","BTS",2015-11-30,136428,58,true,devonelise24,2025-05-25T21:14:04Z,"k-pop","BIGHIT MUSIC",0.339,0.949,6,-4.942,0,0.904,0.00765,0,0.329,0.397,79.956,4
spotify:track:3HhgGvmDKx13uRTkXYfcDw,"Intro: What Am I to You","Dark & Wild","BTS",2014-08-20,165121,53,false,devonelise24,2025-05-25T21:14:04Z,"k-pop","BIGHIT MUSIC",0.475,0.899,0,-2.228,1,0.292,0.426,0,0.366,0.568,83.821,4
spotify:track:6x2arhzc99oGlqM82V0mnd,"Strange (feat. RM)","D-2","Agust D,RM",2020-05-22,196529,0,false,devonelise24,2025-05-25T21:14:04Z,"k-pop,k-rap","BIGHIT MUSIC",0.627,0.662,7,-8.121,1,0.203,0.00236,0,0.157,0.207,90.008,4
spotify:track:1UeVC9gDeHxwlWOQyQJerj,"First Love","Wings","BTS",2016-10-10,189795,58,false,devonelise24,2025-05-25T21:14:04Z,"k-pop","BIGHIT MUSIC",0.545,0.74,8,-5.997,0,0.308,0.364,0,0.164,0.671,86.842,4
spotify:track:6BskTMfDjXVzeqQHOau5Vi,"Epilogue: Young Forever","The Most Beautiful Moment in Life: Young Forever","BTS",2016-05-02,171803,67,false,devonelise24,2025-05-25T21:14:04Z,"k-pop","BIGHIT MUSIC",0.606,0.815,5,-3.818,0,0.232,0.04,0,0.119,0.386,88.054,4
spotify:track:7HhZAKSvFWz4bT5jsZLPeq,"Intro: The Most Beautiful Moment in Life","The Most Beautiful Moment in Life Pt.1","BTS",2015-04-29,123033,55,false,devonelise24,2025-05-25T21:14:04Z,"k-pop","BIGHIT MUSIC",0.36,0.97,0,-4.422,0,0.535,0.236,0,0.074,0.257,87.12,1
spotify:track:5GPiG4vIuDfYus1gRcXEok,"The Last","Agust D","Agust D",2016-08-16,245757,0,false,devonelise24,2025-05-25T21:14:04Z,"k-pop,k-rap","BIGHIT MUSIC",0.755,0.837,1,-2.704,1,0.203,0.00167,0.00609,0.0848,0.444,119.98,4
spotify:track:3FdanLGasOj37Xi316GfZ4,"Intro: O!RUL82?","O!RUL82?","BTS",2013-09-11,70531,59,false,devonelise24,2025-05-25T21:14:04Z,"k-pop","BIGHIT MUSIC",0.455,0.9,7,-5.029,1,0.393,0.272,0,0.0945,0.188,150.14,4
spotify:track:7om4LRoSct9hiMPo0fPn7m,"Interlude : Shadow","MAP OF THE SOUL : 7","BTS",2020-02-21,259821,62,false,devonelise24,2025-05-25T21:14:04Z,"k-pop","BIGHIT MUSIC",0.384,0.798,9,-6.439,0,0.434,0.115,0,0.181,0.146,149.854,4
spotify:track:2hMvhh9FiCB6njOYR7tkT8,"Change pt.2","Indigo","RM",2022-12-02,114026,62,true,devonelise24,2025-05-25T21:14:04Z,"k-pop,k-rap","BIGHIT MUSIC",0.677,0.477,9,-8.237,1,0.208,0.0773,0,0.396,0.384,78.896,4
spotify:track:22W6wI4hDTjMAYKKBQW9dU,"D-Day","D-DAY","Agust D",2023-04-21,211373,68,true,devonelise24,2025-05-25T21:14:04Z,"k-pop,k-rap","BIGHIT MUSIC",0.59,0.878,4,-3.199,0,0.266,0.294,0,0.0959,0.699,139.934,5
spotify:track:5fj32MKLHkut2Vod1UodcU,"AMYGDALA","D-DAY","Agust D",2023-04-21,251533,72,false,devonelise24,2025-05-25T21:14:04Z,"k-pop,k-rap","BIGHIT MUSIC",0.311,0.769,7,-4.637,1,0.0553,0.226,0,0.105,0.16,78.265,4
spotify:track:3JSodIIStqTwXSH7nXOuhe,"Polar Night","D-DAY","Agust D",2023-04-21,165319,65,false,devonelise24,2025-05-25T21:14:04Z,"k-pop,k-rap","BIGHIT MUSIC",0.68,0.877,6,-4.224,0,0.223,0.137,0,0.34,0.906,128.045,4
spotify:track:4j3M8NrbGSXdMPwEVsnfHE,"Snooze (feat. Ryuichi Sakamoto WOOSUNG of The Rose)","D-DAY","Agust D,Ryuichi Sakamoto,WOOSUNG",2023-04-21,264760,69,true,devonelise24,2025-05-25T21:14:04Z,"k-pop,k-rap,japanese classical,ambient,k-rock","BIGHIT MUSIC",0.761,0.777,5,-4.68,0,0.0941,0.21,0,0.0771,0.377,89.959,4
spotify:track:1fpj1CJPxY3YvN3AMAEYvt,"Set Me Free Pt.2","FACE","Jimin",2023-03-24,200929,65,true,devonelise24,2025-05-25T21:14:04Z,"k-pop","BIGHIT MUSIC",0.585,0.815,0,-4.165,0,0.0565,0.115,0,0.124,0.564,132.09,4
spotify:track:27yKZtF7WLdmlLoW8qMssq,"Outro: Tear","Love Yourself 轉 'Tear'","BTS",2018-05-18,284980,63,false,devonelise24,2025-05-25T21:14:04Z,"k-pop","BIGHIT MUSIC",0.711,0.903,6,-2.723,0,0.246,0.327,0,0.0887,0.469,140.02,4
spotify:track:0PJSXtjkdTjJzZAMyNus02,"Music Box : Reflection","Jack In The Box","j-hope",2022-07-15,70546,56,false,devonelise24,2025-05-25T21:14:04Z,"k-pop,k-rap","BIGHIT MUSIC",0.75,0.708,8,-8.211,1,0.0724,0.0532,0.78,0.0974,0.116,87.996,4
